timestamp,open,high,low,close,volume
2025-01-02 09:30:00-05:00,5900.0,5905.68,5900.0,5901.92,842
2025-01-02 09:35:00-05:00,5901.78,5901.78,5893.64,5895.36,563
2025-01-02 09:40:00-05:00,5895.23,5901.83,5895.23,5900.1,525
2025-01-02 09:45:00-05:00,5900.0,5908.26,5900.0,5906.04,625
2025-01-02 09:50:00-05:00,5905.8,5905.8,5891.69,5893.72,569
2025-01-02 09:55:00-05:00,5894.04,5894.04,5884.44,5885.52,1141
2025-01-02 10:00:00-05:00,5886.46,5893.7,5883.56,5886.32,530
2025-01-02 10:05:00-05:00,5884.77,5887.3,5882.38,5884.33,608
2025-01-02 10:10:00-05:00,5883.01,5887.32,5881.33,5884.22,753
2025-01-02 10:15:00-05:00,5882.02,5882.02,5875.12,5878.86,559
2025-01-02 10:20:00-05:00,5879.95,5888.75,5879.95,5884.39,859
2025-01-02 10:25:00-05:00,5884.7,5893.73,5884.7,5889.29,541
2025-01-02 10:30:00-05:00,5889.92,5890.25,5886.63,5889.7,562
2025-01-02 10:35:00-05:00,5887.9,5899.11,5887.9,5896.81,945
2025-01-02 10:40:00-05:00,5899.06,5900.95,5897.31,5899.76,904
2025-01-02 10:45:00-05:00,5898.99,5898.99,5888.79,5894.34,958
2025-01-02 10:50:00-05:00,5894.55,5897.68,5893.94,5896.67,594
2025-01-02 10:55:00-05:00,5897.74,5897.74,5890.06,5890.62,840
2025-01-02 11:00:00-05:00,5889.37,5901.14,5889.37,5896.16,813
2025-01-02 11:05:00-05:00,5895.47,5899.21,5894.65,5895.84,507
2025-01-02 11:10:00-05:00,5896.07,5896.07,5891.57,5894.68,561
2025-01-02 11:15:00-05:00,5898.28,5898.28,5885.66,5890.38,710
2025-01-02 11:20:00-05:00,5890.77,5902.08,5890.77,5898.09,655
2025-01-02 11:25:00-05:00,5900.12,5901.6,5895.34,5897.12,701
2025-01-02 11:30:00-05:00,5898.64,5898.64,5892.24,5894.42,746
2025-01-02 11:35:00-05:00,5894.88,5896.48,5887.89,5892.2,797
2025-01-02 11:40:00-05:00,5890.95,5897.16,5890.95,5895.55,588
2025-01-02 11:45:00-05:00,5896.89,5898.48,5895.58,5897.86,558
2025-01-02 11:50:00-05:00,5895.97,5901.15,5895.97,5900.46,660
2025-01-02 11:55:00-05:00,5902.49,5904.4,5898.88,5903.18,502
2025-01-02 12:00:00-05:00,5903.44,5917.64,5903.44,5916.73,595
2025-01-02 12:05:00-05:00,5913.37,5914.95,5911.55,5914.15,704
2025-01-02 12:10:00-05:00,5913.72,5913.72,5910.64,5910.91,1017
2025-01-02 12:15:00-05:00,5911.74,5911.74,5902.04,5905.77,644
2025-01-02 12:20:00-05:00,5905.47,5911.81,5905.47,5909.66,889
2025-01-02 12:25:00-05:00,5910.57,5918.49,5910.57,5916.81,547
2025-01-02 12:30:00-05:00,5915.73,5925.31,5911.96,5916.08,701
2025-01-02 12:35:00-05:00,5914.43,5916.39,5910.12,5910.77,683
2025-01-02 12:40:00-05:00,5910.68,5910.68,5902.32,5905.56,786
2025-01-02 12:45:00-05:00,5905.6,5912.07,5905.6,5909.67,710
2025-01-02 12:50:00-05:00,5909.23,5916.2,5909.23,5914.37,768
2025-01-02 12:55:00-05:00,5915.93,5917.96,5914.13,5917.81,961
2025-01-02 13:00:00-05:00,5916.73,5916.73,5912.63,5913.6,564
2025-01-02 13:05:00-05:00,5913.99,5918.79,5911.57,5915.07,508
2025-01-02 13:10:00-05:00,5915.15,5916.41,5914.45,5915.8,630
2025-01-02 13:15:00-05:00,5913.83,5920.77,5913.83,5917.19,586
2025-01-02 13:20:00-05:00,5915.52,5930.14,5915.52,5922.71,927
2025-01-02 13:25:00-05:00,5922.72,5929.17,5922.72,5924.13,751
2025-01-02 13:30:00-05:00,5926.64,5929.62,5925.19,5928.43,735
2025-01-02 13:35:00-05:00,5929.16,5932.28,5927.12,5928.86,902
2025-01-02 13:40:00-05:00,5926.67,5934.56,5926.67,5930.69,656
2025-01-02 13:45:00-05:00,5926.74,5937.34,5926.74,5934.7,1030
2025-01-02 13:50:00-05:00,5935.63,5935.63,5923.22,5925.45,612
2025-01-02 13:55:00-05:00,5925.33,5925.33,5920.18,5923.43,531
2025-01-02 14:00:00-05:00,5924.87,5924.87,5917.23,5920.45,665
2025-01-02 14:05:00-05:00,5919.33,5919.84,5914.93,5916.4,535
2025-01-02 14:10:00-05:00,5916.85,5920.25,5910.49,5914.66,943
2025-01-02 14:15:00-05:00,5915.73,5927.22,5915.73,5924.13,671
2025-01-02 14:20:00-05:00,5923.56,5923.56,5911.57,5918.64,580
2025-01-02 14:25:00-05:00,5918.1,5925.42,5918.1,5924.78,514
2025-01-02 14:30:00-05:00,5924.81,5924.81,5909.61,5914.12,597
2025-01-02 14:35:00-05:00,5914.81,5914.81,5911.73,5912.0,723
2025-01-02 14:40:00-05:00,5911.98,5920.67,5907.78,5913.03,681
2025-01-02 14:45:00-05:00,5914.26,5918.79,5910.9,5916.74,792
2025-01-02 14:50:00-05:00,5916.16,5925.97,5916.16,5921.25,627
2025-01-02 14:55:00-05:00,5919.56,5926.44,5919.56,5926.27,1018
2025-01-02 15:00:00-05:00,5928.78,5928.78,5921.16,5924.06,871
2025-01-02 15:05:00-05:00,5923.3,5924.84,5920.93,5921.13,876
2025-01-02 15:10:00-05:00,5920.41,5927.14,5920.41,5926.57,634
2025-01-02 15:15:00-05:00,5926.49,5927.56,5920.75,5925.36,605
2025-01-02 15:20:00-05:00,5925.44,5925.44,5915.86,5917.28,517
2025-01-02 15:25:00-05:00,5916.79,5916.79,5905.33,5910.11,849
2025-01-02 15:30:00-05:00,5910.08,5910.08,5900.9,5904.29,596
2025-01-02 15:35:00-05:00,5904.24,5908.65,5904.24,5907.44,502
2025-01-02 15:40:00-05:00,5907.66,5909.08,5906.8,5908.34,978
2025-01-02 15:45:00-05:00,5905.35,5917.66,5905.35,5912.7,563
2025-01-02 15:50:00-05:00,5915.08,5915.08,5906.53,5910.0,792
2025-01-02 15:55:00-05:00,5909.81,5916.57,5908.66,5911.0,816
2025-01-02 16:00:00-05:00,5911.74,5917.34,5911.74,5914.96,757
2025-01-03 09:30:00-05:00,5913.22,5913.41,5909.36,5913.0,680
2025-01-03 09:35:00-05:00,5912.41,5923.45,5912.37,5915.89,770
2025-01-03 09:40:00-05:00,5915.04,5915.18,5909.01,5911.71,739
2025-01-03 09:45:00-05:00,5913.56,5913.56,5908.59,5909.41,506
2025-01-03 09:50:00-05:00,5908.67,5912.68,5906.18,5907.0,845
2025-01-03 09:55:00-05:00,5907.95,5907.95,5897.91,5899.44,545
2025-01-03 10:00:00-05:00,5898.62,5904.72,5898.62,5902.52,709
2025-01-03 10:05:00-05:00,5901.95,5901.95,5896.89,5899.55,608
2025-01-03 10:10:00-05:00,5899.24,5899.64,5895.37,5899.63,562
2025-01-03 10:15:00-05:00,5901.26,5903.56,5899.91,5902.67,782
2025-01-03 10:20:00-05:00,5900.28,5907.7,5900.28,5905.49,662
2025-01-03 10:25:00-05:00,5903.83,5909.98,5903.83,5909.7,939
2025-01-03 10:30:00-05:00,5907.23,5914.12,5907.23,5909.07,518
2025-01-03 10:35:00-05:00,5907.7,5907.7,5901.96,5906.4,750
2025-01-03 10:40:00-05:00,5905.37,5907.32,5902.84,5905.89,578
2025-01-03 10:45:00-05:00,5903.86,5903.86,5894.07,5895.24,899
2025-01-03 10:50:00-05:00,5894.32,5894.32,5885.04,5886.12,753
2025-01-03 10:55:00-05:00,5883.59,5883.59,5875.76,5877.8,840
2025-01-03 11:00:00-05:00,5876.52,5876.52,5866.36,5871.53,535
2025-01-03 11:05:00-05:00,5873.04,5876.32,5871.29,5874.04,972
2025-01-03 11:10:00-05:00,5874.55,5874.55,5867.29,5868.35,523
2025-01-03 11:15:00-05:00,5868.59,5870.69,5865.64,5865.98,508
2025-01-03 11:20:00-05:00,5864.72,5877.36,5864.72,5874.14,660
2025-01-03 11:25:00-05:00,5872.21,5873.59,5870.86,5871.9,1168
2025-01-03 11:30:00-05:00,5870.47,5880.4,5870.47,5876.54,551
2025-01-03 11:35:00-05:00,5876.48,5876.48,5869.13,5870.67,512
2025-01-03 11:40:00-05:00,5871.76,5871.76,5868.14,5869.38,871
2025-01-03 11:45:00-05:00,5870.51,5870.51,5854.79,5863.42,741
2025-01-03 11:50:00-05:00,5864.21,5864.21,5861.17,5861.29,783
2025-01-03 11:55:00-05:00,5860.36,5867.0,5860.36,5866.56,810
2025-01-03 12:00:00-05:00,5866.59,5866.59,5853.17,5855.73,565
2025-01-03 12:05:00-05:00,5855.33,5860.13,5855.06,5858.45,726
2025-01-03 12:10:00-05:00,5858.2,5864.87,5858.2,5859.94,549
2025-01-03 12:15:00-05:00,5862.49,5862.49,5855.66,5856.22,550
2025-01-03 12:20:00-05:00,5854.01,5854.01,5845.98,5847.16,884
2025-01-03 12:25:00-05:00,5846.87,5851.52,5841.62,5847.62,585
2025-01-03 12:30:00-05:00,5849.13,5849.13,5840.76,5844.3,551
2025-01-03 12:35:00-05:00,5842.47,5847.22,5842.47,5845.76,725
2025-01-03 12:40:00-05:00,5844.95,5853.32,5839.3,5845.9,773
2025-01-03 12:45:00-05:00,5845.23,5861.37,5845.23,5855.92,695
2025-01-03 12:50:00-05:00,5855.64,5855.64,5853.17,5854.42,854
2025-01-03 12:55:00-05:00,5852.43,5852.43,5842.56,5848.02,652
2025-01-03 13:00:00-05:00,5848.76,5850.68,5846.73,5849.14,541
2025-01-03 13:05:00-05:00,5849.97,5850.96,5848.77,5850.51,809
2025-01-03 13:10:00-05:00,5851.15,5866.32,5851.15,5859.03,522
2025-01-03 13:15:00-05:00,5857.94,5865.01,5857.94,5864.27,508
2025-01-03 13:20:00-05:00,5864.37,5872.48,5863.34,5866.51,930
2025-01-03 13:25:00-05:00,5865.37,5877.12,5865.37,5875.7,905
2025-01-03 13:30:00-05:00,5875.28,5875.28,5864.86,5868.23,502
2025-01-03 13:35:00-05:00,5870.93,5870.93,5862.94,5864.21,613
2025-01-03 13:40:00-05:00,5864.33,5864.33,5855.18,5858.4,865
2025-01-03 13:45:00-05:00,5856.91,5857.78,5855.28,5855.96,700
2025-01-03 13:50:00-05:00,5856.19,5856.19,5846.47,5847.34,578
2025-01-03 13:55:00-05:00,5845.65,5853.32,5845.65,5851.32,580
2025-01-03 14:00:00-05:00,5849.82,5850.28,5848.19,5849.92,582
2025-01-03 14:05:00-05:00,5848.62,5848.62,5838.91,5840.73,505
2025-01-03 14:10:00-05:00,5840.17,5840.17,5832.45,5834.38,666
2025-01-03 14:15:00-05:00,5835.55,5838.16,5834.96,5836.34,532
2025-01-03 14:20:00-05:00,5837.06,5843.23,5837.06,5841.58,566
2025-01-03 14:25:00-05:00,5842.23,5855.97,5842.23,5854.07,593
2025-01-03 14:30:00-05:00,5852.69,5876.55,5852.69,5872.35,725
2025-01-03 14:35:00-05:00,5871.67,5878.24,5871.67,5874.95,822
2025-01-03 14:40:00-05:00,5875.29,5875.29,5862.26,5868.74,742
2025-01-03 14:45:00-05:00,5867.95,5867.95,5852.42,5855.36,569
2025-01-03 14:50:00-05:00,5855.02,5863.07,5853.98,5857.04,688
2025-01-03 14:55:00-05:00,5857.59,5857.59,5842.28,5851.95,519
2025-01-03 15:00:00-05:00,5851.51,5851.51,5847.74,5849.35,808
2025-01-03 15:05:00-05:00,5849.63,5849.63,5844.0,5845.52,668
2025-01-03 15:10:00-05:00,5847.51,5847.51,5842.44,5844.64,536
2025-01-03 15:15:00-05:00,5844.42,5851.54,5844.42,5851.31,1148
2025-01-03 15:20:00-05:00,5852.79,5852.79,5850.9,5852.29,864
2025-01-03 15:25:00-05:00,5852.99,5852.99,5849.72,5851.3,677
2025-01-03 15:30:00-05:00,5849.46,5849.46,5842.79,5844.82,562
2025-01-03 15:35:00-05:00,5843.44,5843.44,5833.81,5834.36,540
2025-01-03 15:40:00-05:00,5833.32,5835.82,5830.89,5831.32,750
2025-01-03 15:45:00-05:00,5830.26,5832.6,5827.59,5830.99,934
2025-01-03 15:50:00-05:00,5830.87,5844.88,5830.87,5842.03,718
2025-01-03 15:55:00-05:00,5842.79,5847.12,5842.33,5842.84,511
2025-01-03 16:00:00-05:00,5844.41,5849.58,5844.41,5848.99,1026
2025-01-06 09:30:00-05:00,5849.37,5849.37,5842.31,5845.86,636
2025-01-06 09:35:00-05:00,5845.31,5845.31,5836.04,5838.46,561
2025-01-06 09:40:00-05:00,5835.86,5835.86,5827.42,5832.43,553
2025-01-06 09:45:00-05:00,5832.52,5832.52,5826.93,5827.91,665
2025-01-06 09:50:00-05:00,5827.94,5842.78,5827.94,5841.19,585
2025-01-06 09:55:00-05:00,5841.42,5841.42,5833.63,5836.06,930
2025-01-06 10:00:00-05:00,5838.7,5843.4,5838.46,5841.3,665
2025-01-06 10:05:00-05:00,5842.85,5842.85,5834.77,5835.66,640
2025-01-06 10:10:00-05:00,5836.64,5843.28,5836.64,5841.48,517
2025-01-06 10:15:00-05:00,5840.28,5844.87,5840.28,5843.89,507
2025-01-06 10:20:00-05:00,5843.25,5844.44,5840.8,5842.91,691
2025-01-06 10:25:00-05:00,5842.79,5845.44,5841.84,5842.65,692
2025-01-06 10:30:00-05:00,5841.68,5841.68,5838.5,5838.56,752
2025-01-06 10:35:00-05:00,5839.19,5843.28,5839.19,5841.35,604
2025-01-06 10:40:00-05:00,5841.79,5841.79,5832.62,5838.5,773
2025-01-06 10:45:00-05:00,5837.15,5837.15,5829.61,5830.85,510
2025-01-06 10:50:00-05:00,5832.35,5832.35,5822.71,5822.89,529
2025-01-06 10:55:00-05:00,5823.01,5825.92,5823.01,5823.96,993
2025-01-06 11:00:00-05:00,5821.8,5839.15,5821.8,5833.81,510
2025-01-06 11:05:00-05:00,5833.75,5841.89,5833.29,5834.81,716
2025-01-06 11:10:00-05:00,5835.16,5837.29,5830.7,5834.07,612
2025-01-06 11:15:00-05:00,5835.28,5836.07,5830.77,5835.85,1057
2025-01-06 11:20:00-05:00,5835.43,5847.69,5835.43,5844.01,812
2025-01-06 11:25:00-05:00,5845.05,5847.82,5843.0,5845.38,862
2025-01-06 11:30:00-05:00,5845.62,5845.62,5837.54,5842.82,1200
2025-01-06 11:35:00-05:00,5841.17,5853.04,5841.17,5849.74,689
2025-01-06 11:40:00-05:00,5847.96,5855.71,5847.82,5852.42,540
2025-01-06 11:45:00-05:00,5853.83,5862.5,5853.83,5862.04,743
2025-01-06 11:50:00-05:00,5863.54,5867.01,5862.39,5863.19,639
2025-01-06 11:55:00-05:00,5863.6,5863.6,5854.96,5855.52,526
2025-01-06 12:00:00-05:00,5857.39,5857.39,5845.26,5846.95,661
2025-01-06 12:05:00-05:00,5848.28,5866.09,5848.28,5857.29,599
2025-01-06 12:10:00-05:00,5858.15,5869.52,5858.15,5868.1,662
2025-01-06 12:15:00-05:00,5866.96,5867.2,5865.65,5866.97,671
2025-01-06 12:20:00-05:00,5869.15,5869.15,5861.98,5864.57,603
2025-01-06 12:25:00-05:00,5865.24,5879.11,5865.24,5873.75,534
2025-01-06 12:30:00-05:00,5873.26,5873.26,5865.71,5866.79,981
2025-01-06 12:35:00-05:00,5865.95,5865.95,5852.7,5861.18,863
2025-01-06 12:40:00-05:00,5861.5,5869.44,5861.5,5865.21,786
2025-01-06 12:45:00-05:00,5863.12,5863.4,5861.09,5862.74,720
2025-01-06 12:50:00-05:00,5863.62,5866.22,5859.51,5862.71,603
2025-01-06 12:55:00-05:00,5861.51,5866.27,5861.16,5861.68,554
2025-01-06 13:00:00-05:00,5862.15,5866.34,5862.15,5863.8,766
2025-01-06 13:05:00-05:00,5863.14,5872.94,5863.14,5872.64,688
2025-01-06 13:10:00-05:00,5872.3,5880.86,5872.3,5873.2,767
2025-01-06 13:15:00-05:00,5872.25,5880.34,5872.25,5877.25,652
2025-01-06 13:20:00-05:00,5877.05,5877.05,5862.85,5864.38,552
2025-01-06 13:25:00-05:00,5866.75,5867.87,5860.05,5864.07,774
2025-01-06 13:30:00-05:00,5865.81,5865.81,5858.69,5858.78,729
2025-01-06 13:35:00-05:00,5859.23,5859.23,5850.26,5851.15,594
2025-01-06 13:40:00-05:00,5851.11,5851.11,5844.7,5845.65,817
2025-01-06 13:45:00-05:00,5846.71,5846.74,5843.17,5843.56,1086
2025-01-06 13:50:00-05:00,5844.98,5854.48,5844.98,5849.29,572
2025-01-06 13:55:00-05:00,5848.25,5848.25,5836.2,5841.0,576
2025-01-06 14:00:00-05:00,5840.9,5842.04,5836.57,5841.19,788
2025-01-06 14:05:00-05:00,5838.91,5839.1,5836.34,5838.16,892
2025-01-06 14:10:00-05:00,5839.57,5841.9,5836.09,5836.12,862
2025-01-06 14:15:00-05:00,5838.7,5843.4,5838.7,5842.38,852
2025-01-06 14:20:00-05:00,5842.48,5846.77,5842.48,5845.75,792
2025-01-06 14:25:00-05:00,5843.08,5854.58,5843.08,5854.12,785
2025-01-06 14:30:00-05:00,5854.88,5854.91,5850.13,5853.15,558
2025-01-06 14:35:00-05:00,5852.02,5852.02,5847.92,5848.79,579
2025-01-06 14:40:00-05:00,5847.96,5847.96,5846.68,5847.39,889
2025-01-06 14:45:00-05:00,5848.18,5850.29,5847.89,5848.91,662
2025-01-06 14:50:00-05:00,5849.23,5850.97,5844.14,5850.01,669
2025-01-06 14:55:00-05:00,5849.4,5849.4,5841.14,5843.23,763
2025-01-06 15:00:00-05:00,5842.42,5844.09,5842.42,5843.8,608
2025-01-06 15:05:00-05:00,5843.95,5851.23,5843.89,5845.22,509
2025-01-06 15:10:00-05:00,5844.71,5862.48,5844.71,5860.99,507
2025-01-06 15:15:00-05:00,5859.59,5872.77,5859.59,5872.77,921
2025-01-06 15:20:00-05:00,5872.35,5872.35,5862.55,5867.41,1208
2025-01-06 15:25:00-05:00,5867.84,5868.62,5864.0,5865.61,739
2025-01-06 15:30:00-05:00,5865.38,5865.38,5853.07,5856.43,501
2025-01-06 15:35:00-05:00,5854.66,5858.91,5847.32,5852.73,771
2025-01-06 15:40:00-05:00,5853.97,5855.56,5852.21,5854.71,564
2025-01-06 15:45:00-05:00,5851.27,5862.29,5851.27,5862.26,531
2025-01-06 15:50:00-05:00,5861.71,5861.71,5855.86,5857.69,664
2025-01-06 15:55:00-05:00,5856.92,5856.92,5851.71,5853.6,516
2025-01-06 16:00:00-05:00,5853.78,5853.78,5837.34,5840.16,657
2025-01-07 09:30:00-05:00,5840.86,5842.06,5838.33,5839.15,559
2025-01-07 09:35:00-05:00,5840.55,5840.55,5826.72,5832.51,613
2025-01-07 09:40:00-05:00,5831.62,5831.62,5827.67,5829.21,541
2025-01-07 09:45:00-05:00,5829.94,5830.31,5822.5,5823.74,501
2025-01-07 09:50:00-05:00,5823.99,5825.55,5820.59,5823.16,935
2025-01-07 09:55:00-05:00,5821.03,5821.03,5810.0,5812.22,615
2025-01-07 10:00:00-05:00,5814.58,5814.58,5799.84,5803.1,612
2025-01-07 10:05:00-05:00,5801.31,5819.07,5801.31,5816.34,815
2025-01-07 10:10:00-05:00,5816.86,5816.86,5804.45,5808.33,647
2025-01-07 10:15:00-05:00,5808.81,5808.81,5799.32,5801.52,792
2025-01-07 10:20:00-05:00,5801.86,5817.78,5801.86,5812.93,752
2025-01-07 10:25:00-05:00,5812.31,5833.76,5812.31,5831.03,592
2025-01-07 10:30:00-05:00,5832.06,5832.06,5823.6,5823.72,810
2025-01-07 10:35:00-05:00,5821.78,5823.76,5814.59,5821.43,676
2025-01-07 10:40:00-05:00,5821.35,5823.73,5817.26,5823.56,813
2025-01-07 10:45:00-05:00,5822.85,5837.82,5822.85,5834.34,871
2025-01-07 10:50:00-05:00,5833.49,5833.49,5827.06,5828.18,787
2025-01-07 10:55:00-05:00,5828.71,5828.71,5823.2,5826.65,614
2025-01-07 11:00:00-05:00,5827.99,5831.77,5827.99,5831.5,519
2025-01-07 11:05:00-05:00,5831.07,5834.9,5831.07,5834.21,646
2025-01-07 11:10:00-05:00,5835.19,5835.19,5828.92,5831.86,939
2025-01-07 11:15:00-05:00,5831.93,5835.64,5830.6,5831.03,900
2025-01-07 11:20:00-05:00,5829.92,5829.92,5818.63,5822.46,622
2025-01-07 11:25:00-05:00,5822.14,5822.8,5820.95,5820.97,987
2025-01-07 11:30:00-05:00,5820.6,5820.6,5818.96,5819.32,611
2025-01-07 11:35:00-05:00,5818.45,5823.5,5817.45,5820.76,540
2025-01-07 11:40:00-05:00,5821.29,5821.96,5814.26,5817.3,603
2025-01-07 11:45:00-05:00,5817.6,5824.32,5811.48,5820.24,535
2025-01-07 11:50:00-05:00,5818.26,5832.9,5818.26,5826.55,591
2025-01-07 11:55:00-05:00,5824.49,5827.62,5824.49,5827.52,711
2025-01-07 12:00:00-05:00,5828.05,5833.2,5828.05,5829.71,571
2025-01-07 12:05:00-05:00,5828.69,5831.24,5824.19,5830.04,661
2025-01-07 12:10:00-05:00,5830.42,5832.11,5827.57,5830.04,509
2025-01-07 12:15:00-05:00,5831.02,5831.02,5820.54,5825.54,595
2025-01-07 12:20:00-05:00,5823.96,5828.24,5823.14,5827.52,929
2025-01-07 12:25:00-05:00,5825.76,5827.84,5825.76,5826.91,696
2025-01-07 12:30:00-05:00,5829.0,5842.07,5829.0,5839.98,803
2025-01-07 12:35:00-05:00,5840.42,5851.3,5840.42,5849.81,652
2025-01-07 12:40:00-05:00,5849.29,5854.4,5849.29,5852.23,631
2025-01-07 12:45:00-05:00,5851.06,5851.06,5845.42,5847.45,558
2025-01-07 12:50:00-05:00,5846.82,5846.82,5840.19,5840.5,535
2025-01-07 12:55:00-05:00,5839.01,5849.18,5839.01,5847.95,752
2025-01-07 13:00:00-05:00,5849.05,5853.96,5843.57,5849.59,816
2025-01-07 13:05:00-05:00,5848.62,5854.65,5846.39,5852.6,720
2025-01-07 13:10:00-05:00,5853.96,5853.96,5841.54,5841.68,576
2025-01-07 13:15:00-05:00,5841.18,5851.9,5841.18,5847.48,660
2025-01-07 13:20:00-05:00,5846.18,5853.53,5846.18,5850.33,555
2025-01-07 13:25:00-05:00,5849.79,5849.79,5839.92,5843.38,679
2025-01-07 13:30:00-05:00,5840.1,5840.92,5839.4,5840.43,836
2025-01-07 13:35:00-05:00,5840.28,5842.73,5840.28,5842.08,536
2025-01-07 13:40:00-05:00,5841.87,5844.53,5839.35,5842.41,514
2025-01-07 13:45:00-05:00,5843.44,5843.44,5838.9,5840.58,655
2025-01-07 13:50:00-05:00,5838.22,5840.67,5838.22,5839.94,657
2025-01-07 13:55:00-05:00,5841.39,5841.39,5833.42,5838.36,1124
2025-01-07 14:00:00-05:00,5839.39,5841.07,5837.11,5839.31,770
2025-01-07 14:05:00-05:00,5840.88,5850.44,5840.88,5848.51,515
2025-01-07 14:10:00-05:00,5848.45,5848.45,5830.23,5832.48,515
2025-01-07 14:15:00-05:00,5833.74,5834.32,5826.44,5831.0,920
2025-01-07 14:20:00-05:00,5829.16,5837.8,5829.16,5832.1,645
2025-01-07 14:25:00-05:00,5832.99,5836.22,5832.99,5833.95,520
2025-01-07 14:30:00-05:00,5832.98,5837.27,5828.68,5831.63,508
2025-01-07 14:35:00-05:00,5829.57,5829.57,5819.97,5820.68,776
2025-01-07 14:40:00-05:00,5819.27,5827.78,5819.27,5822.72,647
2025-01-07 14:45:00-05:00,5822.73,5835.75,5822.73,5833.49,535
2025-01-07 14:50:00-05:00,5832.46,5832.46,5819.52,5823.92,772
2025-01-07 14:55:00-05:00,5824.39,5830.73,5824.39,5829.31,854
2025-01-07 15:00:00-05:00,5827.05,5827.58,5822.95,5827.26,598
2025-01-07 15:05:00-05:00,5824.61,5833.14,5824.61,5826.88,676
2025-01-07 15:10:00-05:00,5828.59,5828.59,5813.89,5820.32,528
2025-01-07 15:15:00-05:00,5821.44,5821.55,5813.99,5818.24,627
2025-01-07 15:20:00-05:00,5816.93,5826.96,5816.93,5826.33,562
2025-01-07 15:25:00-05:00,5826.33,5834.84,5825.53,5829.97,633
2025-01-07 15:30:00-05:00,5831.24,5842.48,5831.24,5840.78,663
2025-01-07 15:35:00-05:00,5841.31,5851.35,5841.31,5848.14,584
2025-01-07 15:40:00-05:00,5848.33,5853.34,5848.33,5850.89,589
2025-01-07 15:45:00-05:00,5852.27,5865.38,5852.27,5861.82,613
2025-01-07 15:50:00-05:00,5860.9,5871.34,5860.9,5864.57,834
2025-01-07 15:55:00-05:00,5864.61,5870.61,5864.61,5869.77,519
2025-01-07 16:00:00-05:00,5869.75,5869.75,5865.99,5867.91,545
2025-01-08 09:30:00-05:00,5867.57,5873.2,5861.62,5868.33,580
2025-01-08 09:35:00-05:00,5867.84,5867.84,5863.25,5863.95,549
2025-01-08 09:40:00-05:00,5864.04,5871.57,5864.04,5870.16,687
2025-01-08 09:45:00-05:00,5870.2,5870.2,5862.71,5862.77,675
2025-01-08 09:50:00-05:00,5861.45,5869.42,5861.45,5867.67,638
2025-01-08 09:55:00-05:00,5868.68,5869.84,5863.69,5866.48,560
2025-01-08 10:00:00-05:00,5865.25,5875.73,5865.25,5873.83,641
2025-01-08 10:05:00-05:00,5873.56,5878.96,5873.56,5878.55,760
2025-01-08 10:10:00-05:00,5878.18,5891.97,5878.18,5890.02,648
2025-01-08 10:15:00-05:00,5890.47,5898.28,5890.47,5894.62,504
2025-01-08 10:20:00-05:00,5891.96,5891.96,5882.41,5884.72,696
2025-01-08 10:25:00-05:00,5885.84,5885.84,5883.46,5884.3,524
2025-01-08 10:30:00-05:00,5883.44,5883.44,5876.64,5876.92,741
2025-01-08 10:35:00-05:00,5878.46,5878.46,5872.92,5873.66,915
2025-01-08 10:40:00-05:00,5873.06,5885.63,5873.06,5883.17,704
2025-01-08 10:45:00-05:00,5883.11,5888.79,5883.11,5887.18,618
2025-01-08 10:50:00-05:00,5889.59,5889.59,5881.9,5882.78,709
2025-01-08 10:55:00-05:00,5882.43,5885.58,5875.65,5876.41,773
2025-01-08 11:00:00-05:00,5877.96,5880.35,5872.08,5876.61,605
2025-01-08 11:05:00-05:00,5876.66,5878.54,5868.84,5868.97,843
2025-01-08 11:10:00-05:00,5869.49,5869.49,5861.61,5864.76,600
2025-01-08 11:15:00-05:00,5864.84,5869.93,5863.33,5866.71,553
2025-01-08 11:20:00-05:00,5867.78,5874.97,5867.78,5873.97,767
2025-01-08 11:25:00-05:00,5873.11,5882.41,5873.11,5877.8,952
2025-01-08 11:30:00-05:00,5876.56,5876.56,5862.64,5863.41,991
2025-01-08 11:35:00-05:00,5862.6,5868.54,5861.17,5865.31,1111
2025-01-08 11:40:00-05:00,5865.44,5871.8,5863.77,5865.77,1176
2025-01-08 11:45:00-05:00,5865.49,5871.91,5864.63,5868.36,524
2025-01-08 11:50:00-05:00,5869.26,5878.69,5869.26,5878.52,679
2025-01-08 11:55:00-05:00,5880.16,5880.16,5860.39,5865.56,566
2025-01-08 12:00:00-05:00,5864.33,5864.33,5861.28,5861.85,604
2025-01-08 12:05:00-05:00,5860.93,5868.75,5860.93,5865.56,702
2025-01-08 12:10:00-05:00,5863.76,5863.76,5853.93,5855.64,528
2025-01-08 12:15:00-05:00,5858.19,5867.19,5858.19,5864.89,727
2025-01-08 12:20:00-05:00,5865.28,5872.6,5865.28,5867.21,543
2025-01-08 12:25:00-05:00,5867.81,5873.79,5867.81,5872.52,628
2025-01-08 12:30:00-05:00,5870.84,5871.65,5866.97,5868.94,795
2025-01-08 12:35:00-05:00,5868.94,5878.11,5868.94,5874.05,911
2025-01-08 12:40:00-05:00,5874.69,5885.02,5874.69,5880.77,998
2025-01-08 12:45:00-05:00,5880.45,5887.28,5880.45,5882.23,660
2025-01-08 12:50:00-05:00,5883.59,5883.81,5882.3,5883.71,534
2025-01-08 12:55:00-05:00,5886.62,5889.07,5885.22,5885.41,599
2025-01-08 13:00:00-05:00,5884.22,5884.22,5879.94,5879.98,637
2025-01-08 13:05:00-05:00,5878.69,5881.57,5876.98,5879.05,943
2025-01-08 13:10:00-05:00,5877.94,5882.1,5875.8,5878.09,644
2025-01-08 13:15:00-05:00,5880.11,5880.8,5880.11,5880.5,879
2025-01-08 13:20:00-05:00,5881.81,5890.66,5881.81,5886.79,846
2025-01-08 13:25:00-05:00,5886.62,5886.99,5875.14,5880.13,599
2025-01-08 13:30:00-05:00,5880.18,5880.54,5876.45,5879.35,567
2025-01-08 13:35:00-05:00,5878.32,5894.35,5878.32,5888.67,930
2025-01-08 13:40:00-05:00,5889.79,5889.79,5882.78,5883.99,704
2025-01-08 13:45:00-05:00,5883.51,5883.51,5874.65,5878.81,771
2025-01-08 13:50:00-05:00,5878.49,5882.83,5875.24,5880.09,873
2025-01-08 13:55:00-05:00,5880.85,5891.7,5880.85,5885.4,955
2025-01-08 14:00:00-05:00,5885.16,5885.65,5880.56,5885.47,562
2025-01-08 14:05:00-05:00,5885.18,5894.62,5885.18,5893.85,609
2025-01-08 14:10:00-05:00,5893.86,5904.86,5893.86,5899.25,807
2025-01-08 14:15:00-05:00,5900.26,5906.63,5900.26,5904.57,655
2025-01-08 14:20:00-05:00,5906.65,5908.75,5906.58,5908.07,624
2025-01-08 14:25:00-05:00,5908.81,5926.05,5908.81,5922.8,771
2025-01-08 14:30:00-05:00,5923.82,5924.38,5918.53,5921.5,572
2025-01-08 14:35:00-05:00,5921.25,5921.25,5907.76,5908.82,616
2025-01-08 14:40:00-05:00,5907.93,5919.88,5907.93,5918.97,581
2025-01-08 14:45:00-05:00,5919.8,5919.8,5913.5,5916.08,737
2025-01-08 14:50:00-05:00,5916.29,5917.28,5916.2,5916.76,696
2025-01-08 14:55:00-05:00,5914.95,5927.08,5914.95,5925.05,933
2025-01-08 15:00:00-05:00,5924.64,5924.64,5914.42,5914.91,831
2025-01-08 15:05:00-05:00,5914.8,5914.8,5905.71,5906.99,903
2025-01-08 15:10:00-05:00,5906.35,5906.35,5896.04,5896.88,754
2025-01-08 15:15:00-05:00,5898.75,5898.75,5889.82,5891.87,500
2025-01-08 15:20:00-05:00,5892.48,5895.39,5889.58,5894.64,622
2025-01-08 15:25:00-05:00,5896.38,5898.23,5894.64,5897.95,585
2025-01-08 15:30:00-05:00,5898.28,5901.05,5897.29,5899.69,700
2025-01-08 15:35:00-05:00,5899.8,5899.8,5888.99,5890.78,874
2025-01-08 15:40:00-05:00,5889.6,5889.6,5873.91,5876.24,797
2025-01-08 15:45:00-05:00,5876.26,5877.55,5872.86,5876.58,601
2025-01-08 15:50:00-05:00,5876.6,5876.6,5870.37,5873.62,546
2025-01-08 15:55:00-05:00,5871.9,5881.84,5871.15,5876.5,695
2025-01-08 16:00:00-05:00,5875.83,5885.14,5875.83,5880.92,747
2025-01-09 09:30:00-05:00,5880.51,5884.21,5880.51,5881.79,786
2025-01-09 09:35:00-05:00,5882.31,5892.54,5882.31,5886.57,609
2025-01-09 09:40:00-05:00,5887.16,5888.7,5886.73,5888.02,562
2025-01-09 09:45:00-05:00,5887.29,5896.32,5887.29,5891.36,977
2025-01-09 09:50:00-05:00,5891.95,5891.95,5884.32,5886.92,511
2025-01-09 09:55:00-05:00,5886.69,5886.69,5883.53,5885.79,879
2025-01-09 10:00:00-05:00,5882.17,5888.79,5882.17,5887.03,780
2025-01-09 10:05:00-05:00,5886.42,5892.3,5886.42,5892.2,646
2025-01-09 10:10:00-05:00,5893.56,5893.56,5889.18,5889.72,849
2025-01-09 10:15:00-05:00,5887.59,5895.48,5887.59,5893.0,614
2025-01-09 10:20:00-05:00,5893.14,5893.14,5886.04,5891.32,1079
2025-01-09 10:25:00-05:00,5893.32,5893.32,5888.32,5890.58,777
2025-01-09 10:30:00-05:00,5889.62,5898.23,5889.62,5895.81,553
2025-01-09 10:35:00-05:00,5895.82,5895.82,5881.71,5883.26,957
2025-01-09 10:40:00-05:00,5881.62,5881.62,5872.43,5875.1,931
2025-01-09 10:45:00-05:00,5877.14,5877.14,5863.51,5865.79,729
2025-01-09 10:50:00-05:00,5865.69,5865.69,5848.71,5851.16,525
2025-01-09 10:55:00-05:00,5851.22,5851.22,5845.78,5846.92,582
2025-01-09 11:00:00-05:00,5848.62,5854.63,5848.62,5851.61,842
2025-01-09 11:05:00-05:00,5852.44,5852.44,5847.92,5849.83,648
2025-01-09 11:10:00-05:00,5848.73,5852.29,5845.12,5851.06,669
2025-01-09 11:15:00-05:00,5850.25,5858.84,5850.25,5857.89,946
2025-01-09 11:20:00-05:00,5858.51,5866.5,5858.51,5866.21,752
2025-01-09 11:25:00-05:00,5865.43,5867.45,5864.03,5865.78,648
2025-01-09 11:30:00-05:00,5863.12,5881.24,5863.12,5874.28,750
2025-01-09 11:35:00-05:00,5874.21,5876.28,5872.83,5874.86,842
2025-01-09 11:40:00-05:00,5873.0,5873.0,5863.15,5869.6,868
2025-01-09 11:45:00-05:00,5871.63,5871.63,5865.62,5865.87,694
2025-01-09 11:50:00-05:00,5866.09,5866.09,5856.39,5856.58,870
2025-01-09 11:55:00-05:00,5855.45,5855.45,5850.05,5851.02,631
2025-01-09 12:00:00-05:00,5850.15,5852.29,5842.42,5848.78,582
2025-01-09 12:05:00-05:00,5846.41,5854.11,5846.41,5853.81,576
2025-01-09 12:10:00-05:00,5852.43,5868.08,5852.43,5864.6,665
2025-01-09 12:15:00-05:00,5865.87,5865.87,5853.43,5855.93,503
2025-01-09 12:20:00-05:00,5858.73,5860.35,5856.68,5858.39,592
2025-01-09 12:25:00-05:00,5859.3,5859.3,5851.72,5851.87,674
2025-01-09 12:30:00-05:00,5851.76,5860.41,5850.63,5854.85,535
2025-01-09 12:35:00-05:00,5854.31,5856.09,5848.39,5854.03,699
2025-01-09 12:40:00-05:00,5852.83,5852.83,5841.17,5842.57,649
2025-01-09 12:45:00-05:00,5845.15,5853.35,5845.15,5848.38,515
2025-01-09 12:50:00-05:00,5848.14,5848.14,5836.8,5844.59,622
2025-01-09 12:55:00-05:00,5847.24,5847.24,5839.92,5841.25,613
2025-01-09 13:00:00-05:00,5842.99,5842.99,5832.79,5834.57,802
2025-01-09 13:05:00-05:00,5832.4,5832.4,5824.95,5830.49,933
2025-01-09 13:10:00-05:00,5829.66,5834.65,5828.8,5833.16,886
2025-01-09 13:15:00-05:00,5832.32,5832.32,5828.96,5831.98,720
2025-01-09 13:20:00-05:00,5831.88,5836.49,5826.48,5834.03,596
2025-01-09 13:25:00-05:00,5833.95,5836.69,5831.95,5836.29,575
2025-01-09 13:30:00-05:00,5840.04,5844.76,5839.98,5844.54,845
2025-01-09 13:35:00-05:00,5843.19,5846.57,5842.18,5842.4,588
2025-01-09 13:40:00-05:00,5842.68,5842.68,5830.66,5833.17,658
2025-01-09 13:45:00-05:00,5833.94,5841.6,5833.94,5839.84,968
2025-01-09 13:50:00-05:00,5839.84,5845.89,5833.18,5837.77,511
2025-01-09 13:55:00-05:00,5837.91,5845.38,5837.91,5844.73,942
2025-01-09 14:00:00-05:00,5843.43,5848.63,5843.43,5847.13,849
2025-01-09 14:05:00-05:00,5847.26,5850.4,5844.29,5846.31,629
2025-01-09 14:10:00-05:00,5846.95,5850.04,5846.1,5848.49,1017
2025-01-09 14:15:00-05:00,5848.9,5862.78,5848.9,5860.71,507
2025-01-09 14:20:00-05:00,5861.43,5875.0,5861.43,5873.75,566
2025-01-09 14:25:00-05:00,5875.53,5875.53,5868.37,5874.19,791
2025-01-09 14:30:00-05:00,5875.37,5877.51,5872.49,5875.19,770
2025-01-09 14:35:00-05:00,5875.28,5883.42,5875.28,5881.96,692
2025-01-09 14:40:00-05:00,5880.49,5880.49,5874.44,5876.64,523
2025-01-09 14:45:00-05:00,5875.89,5881.86,5875.89,5878.74,808
2025-01-09 14:50:00-05:00,5878.46,5879.5,5877.74,5878.58,889
2025-01-09 14:55:00-05:00,5878.89,5883.45,5878.89,5880.55,788
2025-01-09 15:00:00-05:00,5879.95,5879.95,5873.34,5875.31,507
2025-01-09 15:05:00-05:00,5874.14,5874.14,5862.55,5865.33,788
2025-01-09 15:10:00-05:00,5863.84,5863.84,5849.04,5852.33,883
2025-01-09 15:15:00-05:00,5850.27,5850.27,5845.14,5845.34,591
2025-01-09 15:20:00-05:00,5845.05,5845.58,5836.15,5842.47,776
2025-01-09 15:25:00-05:00,5840.63,5842.7,5840.49,5840.64,940
2025-01-09 15:30:00-05:00,5839.39,5854.32,5839.39,5852.76,661
2025-01-09 15:35:00-05:00,5852.26,5860.01,5852.26,5859.69,863
2025-01-09 15:40:00-05:00,5858.01,5858.01,5851.68,5853.66,655
2025-01-09 15:45:00-05:00,5854.13,5858.24,5853.56,5855.84,686
2025-01-09 15:50:00-05:00,5856.76,5857.12,5849.56,5853.29,593
2025-01-09 15:55:00-05:00,5852.6,5855.13,5849.46,5851.51,588
2025-01-09 16:00:00-05:00,5850.96,5861.61,5850.96,5852.67,680
2025-01-10 09:30:00-05:00,5853.34,5857.69,5853.34,5856.54,516
2025-01-10 09:35:00-05:00,5855.65,5856.25,5850.38,5854.42,980
2025-01-10 09:40:00-05:00,5853.44,5862.63,5853.44,5861.09,587
2025-01-10 09:45:00-05:00,5862.59,5862.59,5849.75,5853.93,596
2025-01-10 09:50:00-05:00,5855.04,5855.86,5853.23,5853.97,891
2025-01-10 09:55:00-05:00,5854.73,5873.69,5854.73,5870.26,880
2025-01-10 10:00:00-05:00,5871.43,5876.21,5866.78,5871.66,619
2025-01-10 10:05:00-05:00,5869.18,5886.09,5869.18,5880.67,762
2025-01-10 10:10:00-05:00,5882.38,5882.38,5880.97,5881.25,530
2025-01-10 10:15:00-05:00,5881.74,5886.1,5881.74,5884.91,652
2025-01-10 10:20:00-05:00,5886.18,5886.18,5883.69,5884.55,667
2025-01-10 10:25:00-05:00,5885.04,5885.04,5878.83,5883.48,613
2025-01-10 10:30:00-05:00,5883.54,5883.54,5874.1,5878.57,772
2025-01-10 10:35:00-05:00,5878.22,5881.38,5878.22,5881.28,689
2025-01-10 10:40:00-05:00,5881.74,5881.74,5871.62,5875.92,694
2025-01-10 10:45:00-05:00,5875.53,5880.72,5875.53,5880.11,597
2025-01-10 10:50:00-05:00,5881.2,5888.02,5881.2,5886.94,587
2025-01-10 10:55:00-05:00,5884.94,5893.68,5884.94,5889.25,615
2025-01-10 11:00:00-05:00,5888.57,5893.67,5884.76,5887.45,512
2025-01-10 11:05:00-05:00,5890.02,5891.13,5888.04,5890.31,768
2025-01-10 11:10:00-05:00,5889.52,5889.52,5886.4,5888.36,561
2025-01-10 11:15:00-05:00,5888.06,5898.31,5888.06,5894.26,511
2025-01-10 11:20:00-05:00,5893.15,5893.15,5881.99,5882.72,635
2025-01-10 11:25:00-05:00,5883.14,5883.14,5874.58,5880.61,513
2025-01-10 11:30:00-05:00,5879.68,5879.68,5865.25,5868.1,533
2025-01-10 11:35:00-05:00,5867.86,5867.86,5858.7,5858.72,654
2025-01-10 11:40:00-05:00,5859.78,5868.55,5859.78,5867.27,532
2025-01-10 11:45:00-05:00,5866.39,5874.11,5866.39,5872.89,751
2025-01-10 11:50:00-05:00,5873.88,5873.88,5867.03,5868.37,1086
2025-01-10 11:55:00-05:00,5869.41,5869.41,5857.96,5858.95,764
2025-01-10 12:00:00-05:00,5860.27,5860.27,5839.87,5840.39,568
2025-01-10 12:05:00-05:00,5840.57,5840.57,5832.06,5837.0,793
2025-01-10 12:10:00-05:00,5841.06,5852.43,5841.06,5852.13,994
2025-01-10 12:15:00-05:00,5853.46,5856.32,5851.41,5854.86,1139
2025-01-10 12:20:00-05:00,5855.27,5855.27,5845.93,5851.35,599
2025-01-10 12:25:00-05:00,5850.26,5855.73,5850.26,5854.27,844
2025-01-10 12:30:00-05:00,5854.15,5854.15,5842.97,5844.5,559
2025-01-10 12:35:00-05:00,5846.28,5846.28,5840.99,5842.64,551
2025-01-10 12:40:00-05:00,5844.78,5844.78,5841.49,5843.26,730
2025-01-10 12:45:00-05:00,5845.11,5845.28,5836.68,5842.72,784
2025-01-10 12:50:00-05:00,5843.7,5847.96,5843.41,5847.67,599
2025-01-10 12:55:00-05:00,5846.1,5852.28,5843.65,5849.82,503
2025-01-10 13:00:00-05:00,5850.43,5856.74,5850.43,5854.01,586
2025-01-10 13:05:00-05:00,5852.46,5852.46,5847.79,5849.7,629
2025-01-10 13:10:00-05:00,5847.84,5860.98,5847.84,5855.32,845
2025-01-10 13:15:00-05:00,5855.62,5870.38,5855.62,5865.53,525
2025-01-10 13:20:00-05:00,5866.19,5866.19,5857.46,5859.45,943
2025-01-10 13:25:00-05:00,5860.58,5860.58,5852.13,5853.89,697
2025-01-10 13:30:00-05:00,5854.51,5864.5,5854.51,5862.26,685
2025-01-10 13:35:00-05:00,5862.93,5863.48,5859.65,5861.06,514
2025-01-10 13:40:00-05:00,5859.82,5870.75,5859.82,5869.87,581
2025-01-10 13:45:00-05:00,5869.74,5869.74,5866.25,5867.09,658
2025-01-10 13:50:00-05:00,5865.2,5880.63,5865.2,5876.23,574
2025-01-10 13:55:00-05:00,5873.71,5880.35,5873.71,5877.06,1165
2025-01-10 14:00:00-05:00,5877.99,5881.19,5870.42,5878.68,1265
2025-01-10 14:05:00-05:00,5877.73,5889.2,5877.73,5888.53,818
2025-01-10 14:10:00-05:00,5889.63,5889.63,5883.99,5886.25,807
2025-01-10 14:15:00-05:00,5887.65,5887.65,5880.06,5880.33,971
2025-01-10 14:20:00-05:00,5879.55,5880.37,5871.41,5877.51,504
2025-01-10 14:25:00-05:00,5878.25,5880.98,5876.19,5880.35,823
2025-01-10 14:30:00-05:00,5879.52,5879.52,5866.48,5870.51,604
2025-01-10 14:35:00-05:00,5868.19,5875.33,5868.19,5874.51,502
2025-01-10 14:40:00-05:00,5874.67,5874.67,5868.93,5871.13,751
2025-01-10 14:45:00-05:00,5870.54,5878.68,5870.54,5878.34,912
2025-01-10 14:50:00-05:00,5877.79,5877.79,5859.97,5863.31,1059
2025-01-10 14:55:00-05:00,5865.78,5865.78,5854.53,5858.37,619
2025-01-10 15:00:00-05:00,5856.46,5856.46,5847.65,5847.81,502
2025-01-10 15:05:00-05:00,5848.29,5848.29,5839.86,5842.65,823
2025-01-10 15:10:00-05:00,5841.4,5846.72,5841.4,5844.19,886
2025-01-10 15:15:00-05:00,5845.33,5845.33,5840.63,5843.07,519
2025-01-10 15:20:00-05:00,5843.45,5843.45,5839.86,5841.49,572
2025-01-10 15:25:00-05:00,5841.96,5841.96,5839.77,5840.49,620
2025-01-10 15:30:00-05:00,5839.31,5848.66,5839.31,5841.77,646
2025-01-10 15:35:00-05:00,5840.81,5840.81,5833.6,5835.47,536
2025-01-10 15:40:00-05:00,5836.62,5841.2,5836.62,5839.88,860
2025-01-10 15:45:00-05:00,5842.09,5847.36,5842.09,5844.02,771
2025-01-10 15:50:00-05:00,5844.62,5846.74,5844.62,5846.43,526
2025-01-10 15:55:00-05:00,5845.31,5857.23,5845.31,5849.91,789
2025-01-10 16:00:00-05:00,5850.34,5852.95,5850.34,5851.77,550
2025-01-13 09:30:00-05:00,5854.81,5865.54,5854.81,5864.52,534
2025-01-13 09:35:00-05:00,5864.65,5866.48,5861.52,5863.98,803
2025-01-13 09:40:00-05:00,5865.81,5865.81,5859.35,5862.05,689
2025-01-13 09:45:00-05:00,5861.12,5861.12,5854.92,5857.33,718
2025-01-13 09:50:00-05:00,5857.27,5857.27,5849.47,5850.86,621
2025-01-13 09:55:00-05:00,5851.64,5851.64,5841.65,5843.08,500
2025-01-13 10:00:00-05:00,5843.57,5843.57,5836.64,5837.52,530
2025-01-13 10:05:00-05:00,5836.56,5837.38,5836.56,5837.08,926
2025-01-13 10:10:00-05:00,5836.07,5840.21,5836.07,5839.17,557
2025-01-13 10:15:00-05:00,5840.4,5847.93,5836.57,5839.49,698
2025-01-13 10:20:00-05:00,5840.98,5840.98,5831.86,5834.71,594
2025-01-13 10:25:00-05:00,5836.6,5842.58,5836.6,5840.33,556
2025-01-13 10:30:00-05:00,5842.59,5847.12,5840.61,5844.95,540
2025-01-13 10:35:00-05:00,5845.12,5846.9,5843.24,5843.95,531
2025-01-13 10:40:00-05:00,5843.56,5843.56,5837.9,5839.87,757
2025-01-13 10:45:00-05:00,5841.56,5844.44,5841.56,5843.3,509
2025-01-13 10:50:00-05:00,5844.19,5844.87,5843.7,5844.48,748
2025-01-13 10:55:00-05:00,5843.25,5843.25,5833.13,5835.43,762
2025-01-13 11:00:00-05:00,5834.14,5837.29,5832.81,5835.0,593
2025-01-13 11:05:00-05:00,5835.62,5839.28,5827.75,5836.64,845
2025-01-13 11:10:00-05:00,5836.42,5836.42,5829.85,5831.02,735
2025-01-13 11:15:00-05:00,5830.99,5832.91,5830.99,5832.21,523
2025-01-13 11:20:00-05:00,5833.54,5833.54,5821.75,5823.14,712
2025-01-13 11:25:00-05:00,5824.08,5832.5,5824.08,5831.47,523
2025-01-13 11:30:00-05:00,5833.13,5841.79,5833.13,5839.26,800
2025-01-13 11:35:00-05:00,5836.85,5839.8,5835.58,5837.68,758
2025-01-13 11:40:00-05:00,5838.0,5842.28,5838.0,5839.95,865
2025-01-13 11:45:00-05:00,5840.82,5840.82,5819.97,5824.91,766
2025-01-13 11:50:00-05:00,5823.01,5823.01,5815.35,5817.71,839
2025-01-13 11:55:00-05:00,5816.9,5819.93,5810.57,5815.88,683
2025-01-13 12:00:00-05:00,5814.84,5814.84,5807.25,5809.22,616
2025-01-13 12:05:00-05:00,5809.24,5815.54,5804.95,5813.66,709
2025-01-13 12:10:00-05:00,5815.69,5829.98,5815.69,5826.09,689
2025-01-13 12:15:00-05:00,5828.61,5828.61,5813.58,5818.76,756
2025-01-13 12:20:00-05:00,5817.75,5818.87,5810.75,5813.55,509
2025-01-13 12:25:00-05:00,5814.21,5817.31,5812.76,5815.02,513
2025-01-13 12:30:00-05:00,5815.71,5826.97,5815.71,5825.05,1081
2025-01-13 12:35:00-05:00,5825.53,5825.53,5816.56,5817.44,657
2025-01-13 12:40:00-05:00,5817.93,5822.34,5817.02,5818.99,648
2025-01-13 12:45:00-05:00,5819.37,5831.27,5819.37,5830.34,671
2025-01-13 12:50:00-05:00,5832.44,5832.44,5817.68,5820.04,1034
2025-01-13 12:55:00-05:00,5821.41,5821.41,5811.36,5812.07,907
2025-01-13 13:00:00-05:00,5810.75,5810.75,5807.89,5809.44,710
2025-01-13 13:05:00-05:00,5810.43,5810.43,5805.59,5806.2,559
2025-01-13 13:10:00-05:00,5807.31,5812.83,5807.3,5811.25,604
2025-01-13 13:15:00-05:00,5811.64,5814.63,5811.52,5812.76,583
2025-01-13 13:20:00-05:00,5814.16,5814.16,5796.18,5801.73,826
2025-01-13 13:25:00-05:00,5801.96,5811.51,5801.96,5804.93,850
2025-01-13 13:30:00-05:00,5805.18,5805.18,5798.99,5801.34,855
2025-01-13 13:35:00-05:00,5801.49,5815.05,5801.49,5809.26,550
2025-01-13 13:40:00-05:00,5806.75,5808.47,5803.53,5805.36,761
2025-01-13 13:45:00-05:00,5805.26,5806.81,5801.2,5801.41,507
2025-01-13 13:50:00-05:00,5800.58,5804.82,5800.58,5804.77,744
2025-01-13 13:55:00-05:00,5803.29,5809.88,5803.29,5809.51,837
2025-01-13 14:00:00-05:00,5811.29,5813.75,5810.9,5812.29,557
2025-01-13 14:05:00-05:00,5812.92,5812.92,5798.94,5801.82,689
2025-01-13 14:10:00-05:00,5801.78,5806.86,5801.78,5805.16,551
2025-01-13 14:15:00-05:00,5804.46,5804.46,5797.38,5798.74,850
2025-01-13 14:20:00-05:00,5799.11,5803.09,5796.03,5800.2,703
2025-01-13 14:25:00-05:00,5801.43,5801.43,5790.07,5791.37,528
2025-01-13 14:30:00-05:00,5790.35,5794.25,5790.35,5794.14,547
2025-01-13 14:35:00-05:00,5794.13,5794.13,5785.76,5789.14,860
2025-01-13 14:40:00-05:00,5790.21,5790.21,5778.3,5781.2,609
2025-01-13 14:45:00-05:00,5778.8,5786.17,5778.8,5785.62,681
2025-01-13 14:50:00-05:00,5785.55,5787.16,5785.55,5787.11,636
2025-01-13 14:55:00-05:00,5786.58,5786.58,5783.09,5783.31,548
2025-01-13 15:00:00-05:00,5783.15,5794.82,5783.15,5792.3,522
2025-01-13 15:05:00-05:00,5791.68,5791.68,5788.41,5789.57,707
2025-01-13 15:10:00-05:00,5789.74,5790.31,5784.03,5789.77,1005
2025-01-13 15:15:00-05:00,5792.15,5792.15,5788.5,5791.43,640
2025-01-13 15:20:00-05:00,5791.03,5791.03,5783.41,5787.59,589
2025-01-13 15:25:00-05:00,5787.96,5793.86,5784.86,5790.51,534
2025-01-13 15:30:00-05:00,5792.98,5792.98,5783.45,5787.21,799
2025-01-13 15:35:00-05:00,5786.53,5786.53,5783.64,5784.66,988
2025-01-13 15:40:00-05:00,5786.91,5794.46,5786.91,5793.1,689
2025-01-13 15:45:00-05:00,5793.11,5793.11,5781.14,5786.65,845
2025-01-13 15:50:00-05:00,5788.85,5788.85,5770.21,5771.74,691
2025-01-13 15:55:00-05:00,5772.66,5784.14,5772.66,5781.69,927
2025-01-13 16:00:00-05:00,5782.07,5800.52,5782.07,5797.48,962
2025-01-14 09:30:00-05:00,5797.4,5798.97,5793.81,5794.97,737
2025-01-14 09:35:00-05:00,5794.2,5794.2,5780.74,5782.97,676
2025-01-14 09:40:00-05:00,5783.07,5783.73,5776.49,5781.05,551
2025-01-14 09:45:00-05:00,5782.16,5782.16,5778.75,5779.28,510
2025-01-14 09:50:00-05:00,5779.27,5779.27,5772.98,5778.11,584
2025-01-14 09:55:00-05:00,5777.72,5777.72,5767.97,5771.23,655
2025-01-14 10:00:00-05:00,5770.92,5776.82,5770.92,5774.81,680
2025-01-14 10:05:00-05:00,5776.04,5782.64,5776.04,5778.05,547
2025-01-14 10:10:00-05:00,5779.56,5779.56,5767.84,5768.82,1088
2025-01-14 10:15:00-05:00,5768.0,5775.51,5768.0,5773.14,930
2025-01-14 10:20:00-05:00,5772.31,5786.1,5772.31,5785.83,555
2025-01-14 10:25:00-05:00,5786.3,5789.35,5785.96,5786.89,613
2025-01-14 10:30:00-05:00,5788.79,5788.79,5781.76,5784.81,864
2025-01-14 10:35:00-05:00,5786.23,5786.23,5775.81,5783.93,575
2025-01-14 10:40:00-05:00,5782.38,5788.2,5782.38,5787.74,861
2025-01-14 10:45:00-05:00,5787.41,5787.41,5776.54,5777.03,810
2025-01-14 10:50:00-05:00,5775.88,5784.8,5775.88,5778.05,1099
2025-01-14 10:55:00-05:00,5777.72,5777.72,5774.39,5775.63,771
2025-01-14 11:00:00-05:00,5777.62,5788.56,5777.62,5787.06,552
2025-01-14 11:05:00-05:00,5785.3,5789.32,5785.04,5785.98,856
2025-01-14 11:10:00-05:00,5783.98,5800.31,5783.98,5796.32,792
2025-01-14 11:15:00-05:00,5795.29,5795.29,5788.72,5789.48,572
2025-01-14 11:20:00-05:00,5789.83,5795.98,5789.56,5793.12,861
2025-01-14 11:25:00-05:00,5793.89,5798.33,5792.83,5795.1,966
2025-01-14 11:30:00-05:00,5795.64,5795.64,5789.52,5789.71,640
2025-01-14 11:35:00-05:00,5791.17,5791.17,5790.24,5790.81,633
2025-01-14 11:40:00-05:00,5788.62,5801.13,5788.62,5798.33,992
2025-01-14 11:45:00-05:00,5799.8,5799.8,5795.39,5796.32,895
2025-01-14 11:50:00-05:00,5795.93,5795.93,5782.87,5785.83,902
2025-01-14 11:55:00-05:00,5786.74,5788.22,5781.91,5785.73,639
2025-01-14 12:00:00-05:00,5784.09,5784.45,5779.95,5780.14,611
2025-01-14 12:05:00-05:00,5780.15,5780.94,5777.37,5778.03,805
2025-01-14 12:10:00-05:00,5778.32,5779.04,5776.5,5777.52,771
2025-01-14 12:15:00-05:00,5778.95,5778.95,5766.2,5766.99,600
2025-01-14 12:20:00-05:00,5765.03,5765.03,5754.4,5757.03,778
2025-01-14 12:25:00-05:00,5757.07,5762.29,5757.07,5760.0,685
2025-01-14 12:30:00-05:00,5758.66,5758.66,5756.05,5756.78,665
2025-01-14 12:35:00-05:00,5757.4,5757.4,5737.55,5741.0,803
2025-01-14 12:40:00-05:00,5741.96,5749.01,5741.96,5745.82,631
2025-01-14 12:45:00-05:00,5747.41,5747.76,5740.91,5747.5,584
2025-01-14 12:50:00-05:00,5746.84,5746.84,5742.57,5743.11,569
2025-01-14 12:55:00-05:00,5744.25,5744.25,5732.65,5735.03,508
2025-01-14 13:00:00-05:00,5736.7,5743.33,5735.76,5740.16,674
2025-01-14 13:05:00-05:00,5738.14,5745.93,5738.14,5742.3,770
2025-01-14 13:10:00-05:00,5743.06,5757.98,5743.06,5756.96,577
2025-01-14 13:15:00-05:00,5758.14,5760.31,5758.14,5759.55,761
2025-01-14 13:20:00-05:00,5759.23,5765.28,5759.23,5761.94,519
2025-01-14 13:25:00-05:00,5760.44,5762.61,5760.39,5760.91,617
2025-01-14 13:30:00-05:00,5762.07,5773.28,5761.68,5765.94,865
2025-01-14 13:35:00-05:00,5764.46,5772.22,5764.46,5769.8,722
2025-01-14 13:40:00-05:00,5769.58,5777.96,5769.58,5777.53,679
2025-01-14 13:45:00-05:00,5777.48,5777.48,5768.6,5774.31,551
2025-01-14 13:50:00-05:00,5775.2,5775.2,5771.36,5771.62,690
2025-01-14 13:55:00-05:00,5770.85,5771.1,5761.46,5768.67,676
2025-01-14 14:00:00-05:00,5767.82,5775.43,5767.82,5773.55,901
2025-01-14 14:05:00-05:00,5773.67,5783.47,5773.67,5782.81,894
2025-01-14 14:10:00-05:00,5784.06,5785.68,5777.29,5779.97,583
2025-01-14 14:15:00-05:00,5782.8,5782.8,5774.84,5777.35,543
2025-01-14 14:20:00-05:00,5775.48,5780.58,5775.48,5779.29,863
2025-01-14 14:25:00-05:00,5779.68,5781.14,5775.48,5777.77,651
2025-01-14 14:30:00-05:00,5776.43,5785.61,5776.43,5783.66,600
2025-01-14 14:35:00-05:00,5784.92,5784.92,5768.67,5769.74,598
2025-01-14 14:40:00-05:00,5768.58,5768.58,5764.36,5764.64,537
2025-01-14 14:45:00-05:00,5763.81,5769.26,5754.05,5759.82,665
2025-01-14 14:50:00-05:00,5759.09,5759.09,5742.0,5745.53,869
2025-01-14 14:55:00-05:00,5745.44,5745.44,5739.58,5739.61,622
2025-01-14 15:00:00-05:00,5740.01,5740.01,5732.75,5734.0,701
2025-01-14 15:05:00-05:00,5734.59,5738.85,5731.55,5732.76,523
2025-01-14 15:10:00-05:00,5732.76,5743.39,5732.76,5739.59,531
2025-01-14 15:15:00-05:00,5737.96,5738.13,5735.9,5738.09,803
2025-01-14 15:20:00-05:00,5738.98,5738.98,5728.13,5731.76,650
2025-01-14 15:25:00-05:00,5731.7,5732.26,5726.38,5731.42,691
2025-01-14 15:30:00-05:00,5732.84,5739.26,5732.59,5737.85,510
2025-01-14 15:35:00-05:00,5736.98,5736.98,5728.51,5731.86,872
2025-01-14 15:40:00-05:00,5729.9,5729.9,5725.0,5726.28,822
2025-01-14 15:45:00-05:00,5726.24,5736.69,5724.6,5729.71,549
2025-01-14 15:50:00-05:00,5731.29,5731.32,5727.38,5728.35,565
2025-01-14 15:55:00-05:00,5728.55,5737.16,5728.55,5732.32,626
2025-01-14 16:00:00-05:00,5732.07,5733.6,5732.07,5732.23,545
2025-01-15 09:30:00-05:00,5731.17,5740.04,5731.17,5736.54,920
2025-01-15 09:35:00-05:00,5738.69,5738.69,5728.69,5730.19,519
2025-01-15 09:40:00-05:00,5728.93,5731.42,5726.4,5730.12,601
2025-01-15 09:45:00-05:00,5729.23,5732.39,5724.91,5728.82,614
2025-01-15 09:50:00-05:00,5729.52,5729.52,5720.15,5721.38,803
2025-01-15 09:55:00-05:00,5719.11,5719.67,5708.38,5711.81,639
2025-01-15 10:00:00-05:00,5713.37,5718.3,5713.37,5716.01,705
2025-01-15 10:05:00-05:00,5716.77,5716.77,5709.88,5713.86,774
2025-01-15 10:10:00-05:00,5714.96,5714.96,5706.71,5707.61,823
2025-01-15 10:15:00-05:00,5708.3,5708.52,5705.53,5707.03,531
2025-01-15 10:20:00-05:00,5706.83,5716.64,5706.83,5713.92,787
2025-01-15 10:25:00-05:00,5712.62,5712.62,5699.01,5699.99,1038
2025-01-15 10:30:00-05:00,5699.82,5699.82,5687.11,5690.87,1004
2025-01-15 10:35:00-05:00,5689.69,5689.69,5682.96,5685.26,606
2025-01-15 10:40:00-05:00,5685.85,5695.65,5685.85,5694.15,535
2025-01-15 10:45:00-05:00,5695.13,5701.77,5692.88,5695.87,642
2025-01-15 10:50:00-05:00,5697.67,5700.59,5697.67,5700.55,681
2025-01-15 10:55:00-05:00,5701.0,5701.0,5692.8,5693.6,568
2025-01-15 11:00:00-05:00,5694.73,5694.73,5684.58,5686.79,749
2025-01-15 11:05:00-05:00,5686.42,5692.03,5685.81,5689.51,629
2025-01-15 11:10:00-05:00,5688.93,5690.72,5685.56,5689.87,940
2025-01-15 11:15:00-05:00,5690.44,5697.38,5686.08,5693.21,630
2025-01-15 11:20:00-05:00,5692.74,5692.74,5688.85,5692.06,991
2025-01-15 11:25:00-05:00,5692.39,5695.27,5691.85,5693.76,725
2025-01-15 11:30:00-05:00,5692.47,5695.84,5689.85,5694.72,951
2025-01-15 11:35:00-05:00,5693.65,5700.34,5693.65,5699.46,1152
2025-01-15 11:40:00-05:00,5700.24,5705.62,5698.92,5704.39,643
2025-01-15 11:45:00-05:00,5705.47,5705.47,5692.57,5694.51,873
2025-01-15 11:50:00-05:00,5693.31,5693.31,5679.86,5680.83,506
2025-01-15 11:55:00-05:00,5681.65,5688.2,5681.65,5686.92,765
2025-01-15 12:00:00-05:00,5686.28,5697.99,5686.28,5694.16,672
2025-01-15 12:05:00-05:00,5694.18,5694.18,5683.31,5687.94,656
2025-01-15 12:10:00-05:00,5689.66,5689.66,5675.93,5676.63,563
2025-01-15 12:15:00-05:00,5677.62,5684.47,5672.32,5677.24,894
2025-01-15 12:20:00-05:00,5678.2,5684.46,5675.46,5682.89,609
2025-01-15 12:25:00-05:00,5685.22,5700.59,5685.22,5693.83,733
2025-01-15 12:30:00-05:00,5692.97,5701.46,5692.97,5696.98,1041
2025-01-15 12:35:00-05:00,5695.78,5695.78,5691.54,5694.71,521
2025-01-15 12:40:00-05:00,5693.83,5693.83,5684.72,5689.27,602
2025-01-15 12:45:00-05:00,5688.96,5692.09,5685.23,5689.34,555
2025-01-15 12:50:00-05:00,5686.48,5692.25,5680.15,5687.52,740
2025-01-15 12:55:00-05:00,5687.27,5687.27,5679.9,5681.35,591
2025-01-15 13:00:00-05:00,5680.69,5693.92,5680.69,5693.82,512
2025-01-15 13:05:00-05:00,5694.77,5706.2,5694.77,5704.7,795
2025-01-15 13:10:00-05:00,5705.13,5711.9,5705.13,5711.64,1069
2025-01-15 13:15:00-05:00,5710.91,5714.46,5705.05,5706.02,647
2025-01-15 13:20:00-05:00,5706.74,5713.79,5706.74,5711.24,583
2025-01-15 13:25:00-05:00,5712.12,5718.36,5712.12,5715.15,728
2025-01-15 13:30:00-05:00,5714.21,5720.44,5714.21,5717.85,584
2025-01-15 13:35:00-05:00,5717.25,5730.04,5717.25,5725.5,806
2025-01-15 13:40:00-05:00,5722.78,5729.98,5722.78,5729.4,759
2025-01-15 13:45:00-05:00,5728.06,5740.24,5728.06,5733.94,533
2025-01-15 13:50:00-05:00,5733.02,5738.42,5733.02,5737.84,718
2025-01-15 13:55:00-05:00,5737.94,5742.43,5737.94,5739.94,717
2025-01-15 14:00:00-05:00,5738.78,5738.78,5726.27,5728.99,521
2025-01-15 14:05:00-05:00,5728.36,5730.05,5727.08,5729.51,673
2025-01-15 14:10:00-05:00,5728.0,5728.22,5721.74,5726.1,658
2025-01-15 14:15:00-05:00,5726.31,5726.31,5713.87,5718.26,709
2025-01-15 14:20:00-05:00,5718.78,5730.86,5718.78,5728.56,510
2025-01-15 14:25:00-05:00,5729.05,5741.17,5729.05,5739.17,761
2025-01-15 14:30:00-05:00,5739.18,5749.43,5739.18,5747.52,921
2025-01-15 14:35:00-05:00,5745.62,5749.2,5745.62,5749.09,707
2025-01-15 14:40:00-05:00,5748.33,5758.01,5748.33,5757.4,636
2025-01-15 14:45:00-05:00,5756.9,5761.13,5756.26,5757.48,582
2025-01-15 14:50:00-05:00,5756.98,5765.46,5756.98,5758.73,809
2025-01-15 14:55:00-05:00,5758.82,5758.82,5748.3,5751.99,827
2025-01-15 15:00:00-05:00,5753.75,5755.43,5752.99,5754.44,511
2025-01-15 15:05:00-05:00,5755.44,5758.53,5754.6,5754.81,542
2025-01-15 15:10:00-05:00,5753.59,5753.59,5742.24,5746.79,594
2025-01-15 15:15:00-05:00,5747.63,5751.31,5746.12,5746.48,809
2025-01-15 15:20:00-05:00,5747.27,5749.06,5745.05,5745.99,832
2025-01-15 15:25:00-05:00,5745.0,5758.14,5745.0,5757.05,642
2025-01-15 15:30:00-05:00,5758.1,5764.04,5758.1,5762.56,757
2025-01-15 15:35:00-05:00,5762.36,5770.44,5758.82,5762.63,546
2025-01-15 15:40:00-05:00,5760.89,5768.73,5760.89,5764.17,534
2025-01-15 15:45:00-05:00,5764.73,5767.89,5760.4,5764.44,604
2025-01-15 15:50:00-05:00,5764.71,5764.71,5757.11,5763.19,586
2025-01-15 15:55:00-05:00,5762.91,5762.91,5756.35,5756.52,645
2025-01-15 16:00:00-05:00,5756.47,5758.02,5755.46,5755.59,640
2025-01-16 09:30:00-05:00,5754.7,5754.7,5748.76,5750.99,745
2025-01-16 09:35:00-05:00,5751.74,5751.74,5735.98,5743.31,747
2025-01-16 09:40:00-05:00,5743.25,5746.8,5743.25,5746.45,791
2025-01-16 09:45:00-05:00,5746.65,5753.75,5746.65,5748.85,546
2025-01-16 09:50:00-05:00,5749.29,5749.29,5737.8,5737.87,873
2025-01-16 09:55:00-05:00,5736.46,5744.61,5730.97,5737.12,528
2025-01-16 10:00:00-05:00,5736.02,5744.79,5736.02,5743.24,548
2025-01-16 10:05:00-05:00,5740.52,5751.9,5740.52,5749.75,786
2025-01-16 10:10:00-05:00,5750.44,5756.19,5750.44,5756.06,590
2025-01-16 10:15:00-05:00,5754.57,5756.57,5753.75,5756.3,852
2025-01-16 10:20:00-05:00,5756.47,5756.47,5747.07,5751.1,651
2025-01-16 10:25:00-05:00,5751.56,5751.56,5740.32,5744.44,541
2025-01-16 10:30:00-05:00,5745.18,5751.27,5744.97,5746.55,911
2025-01-16 10:35:00-05:00,5745.07,5750.48,5745.07,5748.89,587
2025-01-16 10:40:00-05:00,5748.81,5758.92,5748.81,5756.81,514
2025-01-16 10:45:00-05:00,5758.87,5765.48,5758.87,5763.59,629
2025-01-16 10:50:00-05:00,5765.7,5767.73,5759.71,5762.77,597
2025-01-16 10:55:00-05:00,5763.99,5763.99,5751.89,5755.11,700
2025-01-16 11:00:00-05:00,5755.52,5756.6,5751.24,5753.14,692
2025-01-16 11:05:00-05:00,5751.91,5754.62,5751.3,5754.48,634
2025-01-16 11:10:00-05:00,5755.37,5759.27,5748.42,5753.24,504
2025-01-16 11:15:00-05:00,5753.04,5753.04,5749.01,5749.68,536
2025-01-16 11:20:00-05:00,5750.37,5756.34,5750.37,5751.24,547
2025-01-16 11:25:00-05:00,5750.46,5750.46,5742.91,5748.14,605
2025-01-16 11:30:00-05:00,5747.92,5747.92,5742.22,5744.28,587
2025-01-16 11:35:00-05:00,5744.48,5749.75,5744.48,5746.19,1126
2025-01-16 11:40:00-05:00,5746.49,5746.49,5742.76,5743.72,692
2025-01-16 11:45:00-05:00,5744.33,5745.78,5744.33,5745.22,639
2025-01-16 11:50:00-05:00,5744.51,5748.88,5744.51,5746.9,1323
2025-01-16 11:55:00-05:00,5745.25,5745.25,5737.52,5739.9,605
2025-01-16 12:00:00-05:00,5741.89,5741.89,5735.94,5736.94,844
2025-01-16 12:05:00-05:00,5740.0,5748.79,5740.0,5745.77,710
2025-01-16 12:10:00-05:00,5746.32,5746.32,5737.54,5738.63,727
2025-01-16 12:15:00-05:00,5737.01,5737.01,5721.46,5725.65,727
2025-01-16 12:20:00-05:00,5724.71,5724.71,5711.8,5714.26,552
2025-01-16 12:25:00-05:00,5714.88,5719.47,5712.54,5714.44,609
2025-01-16 12:30:00-05:00,5716.08,5716.08,5711.19,5714.63,902
2025-01-16 12:35:00-05:00,5713.14,5714.99,5712.56,5713.91,641
2025-01-16 12:40:00-05:00,5713.76,5728.6,5713.76,5721.34,743
2025-01-16 12:45:00-05:00,5721.57,5721.57,5702.23,5705.0,608
2025-01-16 12:50:00-05:00,5706.05,5710.17,5706.05,5707.41,611
2025-01-16 12:55:00-05:00,5706.99,5721.78,5706.99,5716.96,652
2025-01-16 13:00:00-05:00,5715.05,5715.26,5709.13,5710.06,802
2025-01-16 13:05:00-05:00,5710.82,5712.14,5705.64,5707.74,533
2025-01-16 13:10:00-05:00,5709.12,5709.12,5701.31,5703.15,950
2025-01-16 13:15:00-05:00,5703.05,5703.05,5695.62,5697.69,712
2025-01-16 13:20:00-05:00,5698.19,5698.19,5692.62,5695.7,552
2025-01-16 13:25:00-05:00,5695.13,5706.34,5695.13,5704.41,562
2025-01-16 13:30:00-05:00,5703.38,5717.52,5703.38,5715.63,534
2025-01-16 13:35:00-05:00,5716.89,5720.69,5709.75,5713.58,812
2025-01-16 13:40:00-05:00,5714.06,5730.94,5714.06,5725.24,522
2025-01-16 13:45:00-05:00,5725.84,5726.32,5722.71,5725.46,555
2025-01-16 13:50:00-05:00,5727.3,5740.97,5727.3,5736.21,604
2025-01-16 13:55:00-05:00,5734.91,5736.97,5728.77,5735.64,584
2025-01-16 14:00:00-05:00,5734.96,5736.75,5732.05,5736.44,505
2025-01-16 14:05:00-05:00,5736.63,5742.16,5736.63,5738.68,693
2025-01-16 14:10:00-05:00,5737.99,5764.73,5737.99,5758.24,665
2025-01-16 14:15:00-05:00,5759.2,5765.26,5759.2,5763.48,541
2025-01-16 14:20:00-05:00,5763.25,5763.25,5756.54,5759.12,841
2025-01-16 14:25:00-05:00,5757.9,5770.72,5757.9,5765.1,947
2025-01-16 14:30:00-05:00,5765.18,5767.56,5761.75,5762.86,535
2025-01-16 14:35:00-05:00,5763.07,5763.07,5759.06,5759.85,520
2025-01-16 14:40:00-05:00,5761.0,5768.59,5761.0,5765.45,585
2025-01-16 14:45:00-05:00,5765.93,5765.96,5760.33,5765.64,622
2025-01-16 14:50:00-05:00,5766.21,5768.11,5766.21,5767.36,886
2025-01-16 14:55:00-05:00,5767.75,5770.4,5767.1,5767.44,846
2025-01-16 15:00:00-05:00,5767.21,5772.56,5764.87,5769.52,611
2025-01-16 15:05:00-05:00,5768.64,5773.0,5768.64,5772.15,526
2025-01-16 15:10:00-05:00,5772.5,5772.5,5759.21,5760.2,654
2025-01-16 15:15:00-05:00,5759.79,5764.71,5759.79,5764.31,518
2025-01-16 15:20:00-05:00,5766.39,5766.39,5757.65,5758.25,547
2025-01-16 15:25:00-05:00,5759.9,5759.9,5748.26,5749.37,584
2025-01-16 15:30:00-05:00,5750.15,5752.0,5744.84,5749.01,610
2025-01-16 15:35:00-05:00,5749.48,5751.81,5744.79,5749.53,563
2025-01-16 15:40:00-05:00,5749.42,5749.42,5742.54,5745.27,551
2025-01-16 15:45:00-05:00,5743.71,5758.39,5743.71,5750.38,650
2025-01-16 15:50:00-05:00,5750.11,5750.11,5740.15,5742.13,654
2025-01-16 15:55:00-05:00,5742.25,5742.25,5737.68,5739.63,677
2025-01-16 16:00:00-05:00,5739.91,5739.91,5735.52,5736.04,726
2025-01-17 09:30:00-05:00,5736.61,5738.26,5735.15,5735.75,643
2025-01-17 09:35:00-05:00,5736.88,5739.1,5733.7,5737.46,632
2025-01-17 09:40:00-05:00,5736.61,5736.61,5729.86,5731.28,768
2025-01-17 09:45:00-05:00,5730.44,5737.38,5730.44,5735.72,753
2025-01-17 09:50:00-05:00,5737.5,5738.65,5734.28,5736.11,742
2025-01-17 09:55:00-05:00,5737.05,5737.05,5722.29,5724.51,674
2025-01-17 10:00:00-05:00,5724.03,5724.03,5712.03,5712.52,813
2025-01-17 10:05:00-05:00,5712.39,5715.49,5705.73,5712.45,642
2025-01-17 10:10:00-05:00,5712.32,5712.95,5711.05,5711.1,547
2025-01-17 10:15:00-05:00,5711.14,5716.1,5708.35,5710.47,753
2025-01-17 10:20:00-05:00,5711.04,5716.15,5709.77,5710.3,708
2025-01-17 10:25:00-05:00,5713.39,5715.52,5711.39,5711.67,711
2025-01-17 10:30:00-05:00,5711.91,5721.48,5711.91,5717.47,684
2025-01-17 10:35:00-05:00,5718.28,5718.28,5710.58,5710.68,634
2025-01-17 10:40:00-05:00,5708.62,5708.62,5699.12,5703.52,518
2025-01-17 10:45:00-05:00,5702.93,5702.93,5693.92,5696.85,631
2025-01-17 10:50:00-05:00,5698.35,5700.97,5698.16,5698.61,703
2025-01-17 10:55:00-05:00,5699.1,5707.55,5699.1,5706.21,822
2025-01-17 11:00:00-05:00,5700.85,5707.61,5700.85,5703.58,691
2025-01-17 11:05:00-05:00,5704.4,5704.4,5687.79,5688.33,673
2025-01-17 11:10:00-05:00,5690.66,5690.66,5677.78,5677.97,509
2025-01-17 11:15:00-05:00,5675.55,5675.55,5670.21,5672.91,575
2025-01-17 11:20:00-05:00,5674.75,5674.75,5669.23,5669.53,782
2025-01-17 11:25:00-05:00,5666.17,5668.04,5665.84,5667.05,544
2025-01-17 11:30:00-05:00,5668.19,5669.05,5665.64,5667.28,603
2025-01-17 11:35:00-05:00,5667.27,5668.14,5663.66,5665.39,738
2025-01-17 11:40:00-05:00,5662.54,5671.87,5662.54,5671.76,869
2025-01-17 11:45:00-05:00,5672.3,5673.82,5665.03,5667.66,890
2025-01-17 11:50:00-05:00,5669.05,5669.05,5660.27,5662.43,592
2025-01-17 11:55:00-05:00,5662.87,5667.64,5662.87,5665.33,521
2025-01-17 12:00:00-05:00,5666.04,5666.04,5655.73,5656.03,718
2025-01-17 12:05:00-05:00,5655.53,5663.89,5655.53,5658.39,662
2025-01-17 12:10:00-05:00,5656.14,5661.68,5655.79,5659.01,516
2025-01-17 12:15:00-05:00,5659.85,5659.85,5656.15,5658.12,644
2025-01-17 12:20:00-05:00,5660.24,5667.85,5660.24,5667.74,545
2025-01-17 12:25:00-05:00,5669.11,5669.11,5663.42,5663.97,696
2025-01-17 12:30:00-05:00,5661.56,5676.82,5661.56,5676.47,528
2025-01-17 12:35:00-05:00,5674.63,5675.43,5672.6,5675.1,815
2025-01-17 12:40:00-05:00,5674.07,5674.07,5667.13,5667.35,634
2025-01-17 12:45:00-05:00,5665.42,5671.95,5665.42,5667.78,734
2025-01-17 12:50:00-05:00,5667.83,5667.83,5654.54,5661.25,729
2025-01-17 12:55:00-05:00,5661.73,5661.73,5656.04,5656.7,584
2025-01-17 13:00:00-05:00,5654.97,5661.23,5654.97,5659.11,765
2025-01-17 13:05:00-05:00,5660.05,5664.79,5660.05,5662.47,780
2025-01-17 13:10:00-05:00,5663.2,5663.2,5654.42,5658.7,669
2025-01-17 13:15:00-05:00,5658.04,5667.99,5658.04,5664.68,595
2025-01-17 13:20:00-05:00,5664.47,5678.41,5664.47,5671.7,792
2025-01-17 13:25:00-05:00,5669.33,5680.8,5669.33,5680.43,916
2025-01-17 13:30:00-05:00,5680.02,5690.31,5680.02,5683.64,510
2025-01-17 13:35:00-05:00,5683.65,5693.61,5683.65,5691.94,959
2025-01-17 13:40:00-05:00,5692.15,5692.15,5678.95,5680.5,572
2025-01-17 13:45:00-05:00,5680.96,5680.96,5675.2,5678.57,774
2025-01-17 13:50:00-05:00,5678.86,5678.86,5670.69,5673.3,735
2025-01-17 13:55:00-05:00,5672.98,5677.09,5672.98,5674.03,605
2025-01-17 14:00:00-05:00,5674.37,5674.37,5669.43,5670.56,1085
2025-01-17 14:05:00-05:00,5671.77,5673.24,5666.44,5669.55,780
2025-01-17 14:10:00-05:00,5669.43,5683.77,5669.43,5680.98,616
2025-01-17 14:15:00-05:00,5681.36,5684.57,5677.46,5679.95,828
2025-01-17 14:20:00-05:00,5679.72,5683.55,5677.24,5682.46,606
2025-01-17 14:25:00-05:00,5681.68,5683.8,5679.71,5681.05,726
2025-01-17 14:30:00-05:00,5681.69,5682.44,5679.22,5681.51,625
2025-01-17 14:35:00-05:00,5680.83,5683.37,5674.63,5681.55,742
2025-01-17 14:40:00-05:00,5682.02,5689.46,5682.02,5684.27,618
2025-01-17 14:45:00-05:00,5684.31,5692.02,5684.31,5691.36,741
2025-01-17 14:50:00-05:00,5690.99,5703.86,5690.99,5701.4,525
2025-01-17 14:55:00-05:00,5701.0,5703.67,5701.0,5703.29,525
2025-01-17 15:00:00-05:00,5702.67,5708.68,5701.5,5706.89,576
2025-01-17 15:05:00-05:00,5704.88,5704.88,5698.19,5699.87,918
2025-01-17 15:10:00-05:00,5700.34,5703.71,5696.84,5699.33,679
2025-01-17 15:15:00-05:00,5699.62,5706.76,5699.62,5705.07,847
2025-01-17 15:20:00-05:00,5706.11,5715.59,5706.11,5710.36,760
2025-01-17 15:25:00-05:00,5709.71,5712.31,5709.71,5711.65,518
2025-01-17 15:30:00-05:00,5713.97,5722.52,5713.97,5717.07,795
2025-01-17 15:35:00-05:00,5716.6,5720.73,5716.6,5720.07,782
2025-01-17 15:40:00-05:00,5719.0,5732.94,5719.0,5727.42,605
2025-01-17 15:45:00-05:00,5726.2,5735.0,5726.2,5729.2,638
2025-01-17 15:50:00-05:00,5727.07,5729.11,5724.64,5727.02,605
2025-01-17 15:55:00-05:00,5728.9,5729.29,5721.66,5729.07,634
2025-01-17 16:00:00-05:00,5730.75,5730.75,5707.24,5711.14,653
2025-01-20 09:30:00-05:00,5711.87,5716.79,5708.99,5713.48,965
2025-01-20 09:35:00-05:00,5712.39,5712.39,5691.13,5691.22,617
2025-01-20 09:40:00-05:00,5693.42,5693.42,5679.04,5680.74,641
2025-01-20 09:45:00-05:00,5680.31,5685.13,5680.31,5683.48,668
2025-01-20 09:50:00-05:00,5683.16,5687.13,5683.16,5686.39,865
2025-01-20 09:55:00-05:00,5688.13,5688.13,5677.66,5679.32,615
2025-01-20 10:00:00-05:00,5680.12,5680.12,5672.54,5674.99,754
2025-01-20 10:05:00-05:00,5677.67,5686.5,5677.67,5683.32,647
2025-01-20 10:10:00-05:00,5683.62,5683.62,5676.95,5680.38,1040
2025-01-20 10:15:00-05:00,5679.9,5698.97,5679.9,5694.03,563
2025-01-20 10:20:00-05:00,5693.28,5695.89,5691.86,5694.02,685
2025-01-20 10:25:00-05:00,5691.76,5698.43,5691.76,5696.5,788
2025-01-20 10:30:00-05:00,5696.16,5707.83,5696.16,5706.36,736
2025-01-20 10:35:00-05:00,5707.76,5708.41,5704.93,5707.16,611
2025-01-20 10:40:00-05:00,5707.89,5707.89,5698.0,5701.05,812
2025-01-20 10:45:00-05:00,5701.07,5702.78,5699.29,5700.38,510
2025-01-20 10:50:00-05:00,5699.16,5700.3,5697.88,5700.16,890
2025-01-20 10:55:00-05:00,5700.44,5700.44,5691.58,5691.84,635
2025-01-20 11:00:00-05:00,5693.08,5693.08,5687.21,5690.29,599
2025-01-20 11:05:00-05:00,5690.81,5691.92,5684.84,5685.77,884
2025-01-20 11:10:00-05:00,5685.97,5696.68,5685.97,5691.4,651
2025-01-20 11:15:00-05:00,5690.42,5693.13,5688.63,5691.61,762
2025-01-20 11:20:00-05:00,5692.66,5695.0,5686.79,5689.88,943
2025-01-20 11:25:00-05:00,5686.07,5689.57,5686.07,5689.24,712
2025-01-20 11:30:00-05:00,5689.7,5691.92,5689.53,5690.6,548
2025-01-20 11:35:00-05:00,5693.73,5700.7,5693.73,5694.35,597
2025-01-20 11:40:00-05:00,5692.52,5692.52,5685.06,5688.27,714
2025-01-20 11:45:00-05:00,5687.97,5687.97,5680.08,5681.93,567
2025-01-20 11:50:00-05:00,5681.92,5695.04,5681.92,5688.65,556
2025-01-20 11:55:00-05:00,5688.09,5688.69,5685.53,5686.14,561
2025-01-20 12:00:00-05:00,5687.4,5687.4,5674.46,5677.53,512
2025-01-20 12:05:00-05:00,5678.1,5684.75,5678.1,5680.22,517
2025-01-20 12:10:00-05:00,5680.41,5684.13,5680.41,5683.04,540
2025-01-20 12:15:00-05:00,5684.01,5684.01,5663.26,5673.74,649
2025-01-20 12:20:00-05:00,5673.76,5679.17,5673.76,5675.13,638
2025-01-20 12:25:00-05:00,5679.0,5684.71,5678.45,5679.6,529
2025-01-20 12:30:00-05:00,5679.79,5685.32,5677.56,5681.88,511
2025-01-20 12:35:00-05:00,5682.12,5688.58,5680.12,5685.72,609
2025-01-20 12:40:00-05:00,5683.64,5683.64,5676.9,5677.18,580
2025-01-20 12:45:00-05:00,5676.52,5680.53,5673.14,5679.2,953
2025-01-20 12:50:00-05:00,5680.59,5682.85,5677.0,5677.36,682
2025-01-20 12:55:00-05:00,5675.74,5675.85,5669.16,5674.43,569
2025-01-20 13:00:00-05:00,5671.8,5686.62,5671.8,5679.71,714
2025-01-20 13:05:00-05:00,5679.75,5690.66,5679.75,5688.71,907
2025-01-20 13:10:00-05:00,5690.38,5704.13,5690.38,5699.64,504
2025-01-20 13:15:00-05:00,5699.69,5708.22,5699.69,5707.66,544
2025-01-20 13:20:00-05:00,5707.25,5707.25,5704.9,5706.99,620
2025-01-20 13:25:00-05:00,5704.72,5710.31,5704.72,5709.15,503
2025-01-20 13:30:00-05:00,5709.7,5716.33,5709.7,5713.83,803
2025-01-20 13:35:00-05:00,5714.64,5717.52,5710.48,5714.58,542
2025-01-20 13:40:00-05:00,5712.4,5719.25,5712.16,5715.37,734
2025-01-20 13:45:00-05:00,5716.76,5724.61,5716.76,5720.41,569
2025-01-20 13:50:00-05:00,5721.35,5723.08,5715.98,5720.05,1139
2025-01-20 13:55:00-05:00,5721.44,5721.44,5711.53,5715.59,782
2025-01-20 14:00:00-05:00,5716.3,5716.3,5711.43,5713.06,865
2025-01-20 14:05:00-05:00,5713.86,5717.97,5712.82,5716.93,707
2025-01-20 14:10:00-05:00,5717.57,5718.36,5716.26,5716.95,829
2025-01-20 14:15:00-05:00,5718.01,5722.07,5718.01,5719.03,846
2025-01-20 14:20:00-05:00,5716.8,5723.39,5716.8,5723.13,668
2025-01-20 14:25:00-05:00,5721.3,5725.15,5717.7,5720.84,613
2025-01-20 14:30:00-05:00,5719.94,5726.42,5719.94,5725.47,759
2025-01-20 14:35:00-05:00,5725.31,5729.7,5725.31,5727.79,786
2025-01-20 14:40:00-05:00,5728.27,5728.27,5716.98,5720.23,516
2025-01-20 14:45:00-05:00,5720.63,5735.68,5720.63,5729.06,1123
2025-01-20 14:50:00-05:00,5730.43,5730.43,5725.77,5725.99,591
2025-01-20 14:55:00-05:00,5727.4,5727.4,5713.58,5715.86,993
2025-01-20 15:00:00-05:00,5714.8,5714.8,5706.2,5709.48,539
2025-01-20 15:05:00-05:00,5709.77,5709.77,5701.68,5703.24,834
2025-01-20 15:10:00-05:00,5702.21,5707.34,5702.21,5703.56,924
2025-01-20 15:15:00-05:00,5703.33,5703.33,5700.86,5701.89,755
2025-01-20 15:20:00-05:00,5702.28,5705.67,5693.43,5699.84,621
2025-01-20 15:25:00-05:00,5695.67,5706.78,5695.67,5703.62,758
2025-01-20 15:30:00-05:00,5706.56,5707.35,5702.01,5705.69,807
2025-01-20 15:35:00-05:00,5706.38,5711.93,5706.38,5707.62,666
2025-01-20 15:40:00-05:00,5706.89,5710.39,5705.79,5710.12,549
2025-01-20 15:45:00-05:00,5712.48,5714.51,5706.69,5713.89,513
2025-01-20 15:50:00-05:00,5713.46,5713.46,5700.93,5701.02,639
2025-01-20 15:55:00-05:00,5701.18,5701.53,5697.62,5698.79,964
2025-01-20 16:00:00-05:00,5698.2,5698.2,5684.3,5685.52,821
2025-01-21 09:30:00-05:00,5687.53,5687.53,5684.62,5685.74,587
2025-01-21 09:35:00-05:00,5685.61,5688.22,5683.49,5685.71,633
2025-01-21 09:40:00-05:00,5685.89,5696.12,5685.61,5692.07,655
2025-01-21 09:45:00-05:00,5693.54,5704.39,5693.54,5699.31,842
2025-01-21 09:50:00-05:00,5700.02,5703.06,5698.04,5700.54,526
2025-01-21 09:55:00-05:00,5700.48,5700.48,5695.74,5697.49,1030
2025-01-21 10:00:00-05:00,5698.85,5701.65,5697.39,5700.45,514
2025-01-21 10:05:00-05:00,5703.55,5703.55,5693.34,5697.23,550
2025-01-21 10:10:00-05:00,5697.62,5699.29,5694.65,5697.22,758
2025-01-21 10:15:00-05:00,5697.37,5703.26,5697.37,5703.24,536
2025-01-21 10:20:00-05:00,5703.45,5703.45,5694.84,5699.84,590
2025-01-21 10:25:00-05:00,5701.44,5707.11,5698.52,5704.75,835
2025-01-21 10:30:00-05:00,5704.02,5713.95,5704.02,5708.89,667
2025-01-21 10:35:00-05:00,5708.55,5708.55,5700.59,5703.06,640
2025-01-21 10:40:00-05:00,5701.18,5711.09,5701.18,5709.0,601
2025-01-21 10:45:00-05:00,5707.56,5717.97,5707.56,5713.27,615
2025-01-21 10:50:00-05:00,5712.64,5714.54,5707.42,5713.9,808
2025-01-21 10:55:00-05:00,5713.83,5713.83,5704.99,5709.24,510
2025-01-21 11:00:00-05:00,5711.4,5711.4,5703.21,5703.99,519
2025-01-21 11:05:00-05:00,5704.65,5704.84,5700.68,5700.71,610
2025-01-21 11:10:00-05:00,5699.6,5708.5,5699.6,5704.02,615
2025-01-21 11:15:00-05:00,5703.13,5703.13,5694.77,5698.19,837
2025-01-21 11:20:00-05:00,5699.87,5700.99,5699.81,5700.86,661
2025-01-21 11:25:00-05:00,5702.23,5702.23,5693.19,5693.29,671
2025-01-21 11:30:00-05:00,5693.33,5695.05,5691.13,5692.05,651
2025-01-21 11:35:00-05:00,5691.51,5692.89,5691.03,5692.72,845
2025-01-21 11:40:00-05:00,5694.09,5707.64,5694.09,5707.63,719
2025-01-21 11:45:00-05:00,5706.42,5706.42,5698.86,5699.22,551
2025-01-21 11:50:00-05:00,5699.7,5711.89,5699.7,5708.21,681
2025-01-21 11:55:00-05:00,5710.98,5710.98,5705.43,5709.12,766
2025-01-21 12:00:00-05:00,5709.37,5712.29,5709.37,5711.63,968
2025-01-21 12:05:00-05:00,5710.69,5714.39,5707.1,5712.36,836
2025-01-21 12:10:00-05:00,5712.86,5716.87,5712.86,5715.08,564
2025-01-21 12:15:00-05:00,5714.5,5715.94,5709.18,5714.14,517
2025-01-21 12:20:00-05:00,5712.43,5723.3,5712.43,5723.03,698
2025-01-21 12:25:00-05:00,5723.89,5723.89,5710.23,5720.24,519
2025-01-21 12:30:00-05:00,5721.61,5730.1,5721.61,5727.17,608
2025-01-21 12:35:00-05:00,5726.79,5727.66,5721.11,5723.23,772
2025-01-21 12:40:00-05:00,5722.76,5723.34,5721.57,5722.86,540
2025-01-21 12:45:00-05:00,5721.68,5721.68,5715.08,5716.3,674
2025-01-21 12:50:00-05:00,5716.11,5720.65,5713.11,5719.08,550
2025-01-21 12:55:00-05:00,5718.39,5728.82,5718.39,5727.93,850
2025-01-21 13:00:00-05:00,5726.69,5734.79,5724.68,5727.46,522
2025-01-21 13:05:00-05:00,5729.77,5729.77,5722.69,5726.25,808
2025-01-21 13:10:00-05:00,5726.82,5726.82,5717.27,5719.42,527
2025-01-21 13:15:00-05:00,5720.12,5721.96,5715.08,5718.02,686
2025-01-21 13:20:00-05:00,5719.1,5719.1,5703.99,5708.29,595
2025-01-21 13:25:00-05:00,5709.23,5709.23,5698.96,5702.71,835
2025-01-21 13:30:00-05:00,5702.21,5705.88,5702.21,5704.1,503
2025-01-21 13:35:00-05:00,5704.43,5712.97,5704.43,5712.15,643
2025-01-21 13:40:00-05:00,5711.82,5732.26,5711.82,5729.35,726
2025-01-21 13:45:00-05:00,5729.88,5729.88,5725.51,5725.75,691
2025-01-21 13:50:00-05:00,5726.17,5735.93,5726.17,5734.55,504
2025-01-21 13:55:00-05:00,5734.08,5739.14,5734.08,5736.05,546
2025-01-21 14:00:00-05:00,5734.42,5737.27,5732.52,5735.12,886
2025-01-21 14:05:00-05:00,5735.3,5738.84,5734.56,5737.77,870
2025-01-21 14:10:00-05:00,5737.52,5742.54,5735.85,5738.15,727
2025-01-21 14:15:00-05:00,5735.83,5740.13,5735.83,5738.83,1201
2025-01-21 14:20:00-05:00,5739.45,5739.45,5736.24,5736.32,568
2025-01-21 14:25:00-05:00,5737.51,5737.51,5727.09,5727.75,972
2025-01-21 14:30:00-05:00,5730.84,5730.84,5716.77,5718.3,645
2025-01-21 14:35:00-05:00,5717.82,5722.36,5717.82,5722.3,1192
2025-01-21 14:40:00-05:00,5721.64,5722.61,5716.12,5720.6,560
2025-01-21 14:45:00-05:00,5719.25,5719.25,5716.14,5716.96,702
2025-01-21 14:50:00-05:00,5717.21,5721.4,5715.68,5717.01,727
2025-01-21 14:55:00-05:00,5717.26,5723.29,5717.26,5721.87,617
2025-01-21 15:00:00-05:00,5720.88,5724.46,5717.35,5722.98,730
2025-01-21 15:05:00-05:00,5722.76,5722.76,5716.54,5718.96,937
2025-01-21 15:10:00-05:00,5716.54,5727.59,5716.54,5726.47,830
2025-01-21 15:15:00-05:00,5727.61,5740.96,5727.61,5736.15,557
2025-01-21 15:20:00-05:00,5735.21,5740.75,5735.21,5739.19,688
2025-01-21 15:25:00-05:00,5739.15,5750.62,5739.15,5745.17,573
2025-01-21 15:30:00-05:00,5743.41,5754.21,5743.41,5752.81,815
2025-01-21 15:35:00-05:00,5752.09,5763.57,5752.09,5759.77,553
2025-01-21 15:40:00-05:00,5759.42,5764.24,5759.42,5763.56,537
2025-01-21 15:45:00-05:00,5763.54,5770.32,5763.54,5767.25,637
2025-01-21 15:50:00-05:00,5767.84,5772.58,5767.77,5770.45,550
2025-01-21 15:55:00-05:00,5772.23,5772.23,5761.61,5763.68,551
2025-01-21 16:00:00-05:00,5764.59,5768.44,5764.59,5768.01,861
2025-01-22 09:30:00-05:00,5769.19,5769.19,5757.18,5759.64,623
2025-01-22 09:35:00-05:00,5761.43,5761.43,5753.7,5754.75,582
2025-01-22 09:40:00-05:00,5755.45,5766.75,5755.45,5762.78,541
2025-01-22 09:45:00-05:00,5762.74,5773.86,5762.74,5767.96,762
2025-01-22 09:50:00-05:00,5769.21,5781.1,5769.21,5777.15,679
2025-01-22 09:55:00-05:00,5778.48,5778.66,5772.13,5775.47,837
2025-01-22 10:00:00-05:00,5776.27,5776.27,5767.14,5768.36,861
2025-01-22 10:05:00-05:00,5766.56,5768.0,5761.18,5766.87,688
2025-01-22 10:10:00-05:00,5765.83,5771.82,5765.83,5767.5,745
2025-01-22 10:15:00-05:00,5767.16,5770.93,5766.8,5767.99,1046
2025-01-22 10:20:00-05:00,5768.95,5776.52,5768.95,5774.99,769
2025-01-22 10:25:00-05:00,5774.96,5774.96,5772.02,5772.76,527
2025-01-22 10:30:00-05:00,5774.16,5776.15,5773.76,5774.93,686
2025-01-22 10:35:00-05:00,5776.56,5776.56,5765.87,5768.83,793
2025-01-22 10:40:00-05:00,5770.31,5774.25,5767.26,5771.61,715
2025-01-22 10:45:00-05:00,5773.1,5775.06,5763.79,5771.63,606
2025-01-22 10:50:00-05:00,5770.35,5770.35,5764.54,5767.0,631
2025-01-22 10:55:00-05:00,5767.59,5769.2,5764.11,5765.54,778
2025-01-22 11:00:00-05:00,5764.79,5765.06,5763.14,5764.41,527
2025-01-22 11:05:00-05:00,5762.37,5763.28,5757.52,5762.74,772
2025-01-22 11:10:00-05:00,5762.39,5774.91,5762.39,5773.67,552
2025-01-22 11:15:00-05:00,5775.31,5781.9,5770.97,5773.07,811
2025-01-22 11:20:00-05:00,5773.63,5773.63,5771.16,5771.56,783
2025-01-22 11:25:00-05:00,5774.05,5774.05,5757.35,5758.62,501
2025-01-22 11:30:00-05:00,5758.84,5758.84,5751.76,5753.12,1084
2025-01-22 11:35:00-05:00,5756.13,5756.13,5746.65,5751.5,776
2025-01-22 11:40:00-05:00,5751.71,5751.71,5744.62,5747.28,690
2025-01-22 11:45:00-05:00,5747.3,5759.29,5747.3,5755.78,887
2025-01-22 11:50:00-05:00,5754.2,5755.2,5754.2,5754.76,581
2025-01-22 11:55:00-05:00,5756.13,5762.91,5756.13,5762.7,584
2025-01-22 12:00:00-05:00,5762.08,5763.44,5762.08,5763.08,867
2025-01-22 12:05:00-05:00,5762.28,5763.81,5761.28,5763.31,643
2025-01-22 12:10:00-05:00,5764.89,5765.97,5757.59,5762.76,660
2025-01-22 12:15:00-05:00,5764.19,5766.14,5762.21,5762.79,513
2025-01-22 12:20:00-05:00,5764.19,5773.94,5764.19,5773.4,587
2025-01-22 12:25:00-05:00,5772.95,5772.95,5755.71,5759.09,538
2025-01-22 12:30:00-05:00,5759.02,5759.02,5744.54,5746.77,762
2025-01-22 12:35:00-05:00,5746.69,5746.69,5741.6,5743.43,699
2025-01-22 12:40:00-05:00,5744.39,5745.31,5743.48,5743.52,530
2025-01-22 12:45:00-05:00,5745.43,5748.9,5745.43,5747.76,611
2025-01-22 12:50:00-05:00,5748.21,5753.45,5748.21,5750.67,600
2025-01-22 12:55:00-05:00,5753.1,5753.1,5741.87,5748.3,709
2025-01-22 13:00:00-05:00,5749.41,5760.24,5749.41,5754.58,537
2025-01-22 13:05:00-05:00,5754.29,5764.82,5753.59,5760.92,697
2025-01-22 13:10:00-05:00,5761.94,5765.66,5761.05,5762.06,548
2025-01-22 13:15:00-05:00,5764.16,5772.01,5764.16,5767.99,594
2025-01-22 13:20:00-05:00,5770.46,5775.01,5769.54,5769.68,658
2025-01-22 13:25:00-05:00,5771.14,5771.14,5765.45,5766.21,657
2025-01-22 13:30:00-05:00,5766.24,5770.6,5766.24,5770.52,806
2025-01-22 13:35:00-05:00,5770.25,5772.44,5770.25,5771.2,658
2025-01-22 13:40:00-05:00,5771.91,5774.13,5769.32,5771.21,755
2025-01-22 13:45:00-05:00,5773.28,5781.04,5773.28,5780.31,545
2025-01-22 13:50:00-05:00,5780.85,5780.85,5762.25,5765.17,1093
2025-01-22 13:55:00-05:00,5765.73,5765.73,5747.13,5756.44,643
2025-01-22 14:00:00-05:00,5756.5,5756.5,5746.93,5749.13,740
2025-01-22 14:05:00-05:00,5748.73,5748.89,5746.59,5746.9,531
2025-01-22 14:10:00-05:00,5746.7,5747.89,5740.73,5745.33,529
2025-01-22 14:15:00-05:00,5745.5,5745.5,5735.72,5736.07,1254
2025-01-22 14:20:00-05:00,5738.18,5738.18,5727.17,5730.03,598
2025-01-22 14:25:00-05:00,5729.74,5729.74,5723.4,5724.76,584
2025-01-22 14:30:00-05:00,5724.82,5743.04,5724.82,5739.83,616
2025-01-22 14:35:00-05:00,5738.76,5752.35,5738.76,5750.9,740
2025-01-22 14:40:00-05:00,5751.78,5751.78,5746.62,5748.37,552
2025-01-22 14:45:00-05:00,5750.05,5750.05,5740.69,5746.13,541
2025-01-22 14:50:00-05:00,5748.13,5748.13,5733.43,5739.07,833
2025-01-22 14:55:00-05:00,5739.32,5739.32,5723.72,5727.37,551
2025-01-22 15:00:00-05:00,5728.07,5731.61,5721.97,5726.65,815
2025-01-22 15:05:00-05:00,5726.46,5726.46,5717.42,5720.54,961
2025-01-22 15:10:00-05:00,5721.19,5723.32,5718.26,5720.02,771
2025-01-22 15:15:00-05:00,5720.41,5720.41,5707.63,5710.24,877
2025-01-22 15:20:00-05:00,5710.31,5710.31,5705.12,5705.58,567
2025-01-22 15:25:00-05:00,5705.75,5707.5,5705.05,5706.49,554
2025-01-22 15:30:00-05:00,5707.04,5711.02,5707.04,5708.73,628
2025-01-22 15:35:00-05:00,5708.37,5713.94,5708.37,5711.28,947
2025-01-22 15:40:00-05:00,5710.98,5710.98,5697.0,5703.21,734
2025-01-22 15:45:00-05:00,5705.3,5713.37,5705.01,5708.43,1043
2025-01-22 15:50:00-05:00,5711.74,5711.74,5703.3,5703.55,638
2025-01-22 15:55:00-05:00,5702.08,5710.13,5702.08,5707.41,513
2025-01-22 16:00:00-05:00,5705.87,5709.0,5705.63,5707.35,557
2025-01-23 09:30:00-05:00,5706.18,5706.18,5697.85,5698.95,681
2025-01-23 09:35:00-05:00,5698.82,5702.57,5694.3,5697.02,959
2025-01-23 09:40:00-05:00,5698.11,5704.59,5692.37,5699.25,700
2025-01-23 09:45:00-05:00,5699.97,5705.5,5699.97,5702.99,687
2025-01-23 09:50:00-05:00,5703.2,5704.47,5700.54,5702.13,693
2025-01-23 09:55:00-05:00,5702.77,5714.43,5702.77,5711.48,742
2025-01-23 10:00:00-05:00,5710.63,5719.4,5710.63,5717.64,803
2025-01-23 10:05:00-05:00,5717.34,5717.34,5715.8,5716.07,575
2025-01-23 10:10:00-05:00,5716.04,5721.16,5716.04,5720.66,539
2025-01-23 10:15:00-05:00,5718.71,5733.82,5718.71,5732.51,740
2025-01-23 10:20:00-05:00,5731.08,5752.64,5731.08,5744.54,533
2025-01-23 10:25:00-05:00,5743.17,5743.17,5734.41,5737.0,697
2025-01-23 10:30:00-05:00,5737.94,5737.94,5730.2,5731.32,543
2025-01-23 10:35:00-05:00,5731.62,5741.86,5731.62,5740.43,608
2025-01-23 10:40:00-05:00,5741.18,5741.18,5727.94,5733.93,875
2025-01-23 10:45:00-05:00,5731.68,5731.68,5724.75,5725.82,1159
2025-01-23 10:50:00-05:00,5724.01,5724.87,5721.81,5722.85,594
2025-01-23 10:55:00-05:00,5723.66,5726.96,5723.66,5725.42,607
2025-01-23 11:00:00-05:00,5722.02,5728.06,5722.02,5724.79,618
2025-01-23 11:05:00-05:00,5726.29,5726.29,5714.12,5720.81,631
2025-01-23 11:10:00-05:00,5718.58,5718.58,5713.72,5716.68,872
2025-01-23 11:15:00-05:00,5717.72,5717.72,5710.96,5712.33,614
2025-01-23 11:20:00-05:00,5711.24,5711.24,5706.41,5706.96,605
2025-01-23 11:25:00-05:00,5708.24,5722.67,5708.24,5720.91,648
2025-01-23 11:30:00-05:00,5724.83,5724.83,5720.47,5722.73,929
2025-01-23 11:35:00-05:00,5719.94,5732.69,5719.94,5728.16,579
2025-01-23 11:40:00-05:00,5729.01,5729.01,5723.36,5725.16,663
2025-01-23 11:45:00-05:00,5722.95,5726.43,5720.54,5724.02,874
2025-01-23 11:50:00-05:00,5724.55,5724.55,5714.23,5719.65,888
2025-01-23 11:55:00-05:00,5719.4,5719.4,5700.78,5703.45,605
2025-01-23 12:00:00-05:00,5703.61,5703.61,5688.34,5695.05,613
2025-01-23 12:05:00-05:00,5693.94,5693.94,5679.42,5684.03,1279
2025-01-23 12:10:00-05:00,5684.97,5684.97,5669.96,5670.36,581
2025-01-23 12:15:00-05:00,5668.61,5668.61,5661.68,5663.11,825
2025-01-23 12:20:00-05:00,5664.62,5673.1,5664.62,5671.15,548
2025-01-23 12:25:00-05:00,5670.65,5671.67,5664.98,5670.88,743
2025-01-23 12:30:00-05:00,5669.17,5681.66,5669.17,5678.71,598
2025-01-23 12:35:00-05:00,5680.65,5683.87,5679.77,5681.21,600
2025-01-23 12:40:00-05:00,5681.13,5688.96,5681.13,5685.97,646
2025-01-23 12:45:00-05:00,5688.29,5688.29,5678.3,5680.49,848
2025-01-23 12:50:00-05:00,5681.98,5684.01,5681.98,5683.68,898
2025-01-23 12:55:00-05:00,5682.71,5693.36,5682.71,5688.11,574
2025-01-23 13:00:00-05:00,5688.01,5690.43,5682.74,5684.6,556
2025-01-23 13:05:00-05:00,5684.75,5688.85,5683.05,5688.01,689
2025-01-23 13:10:00-05:00,5689.86,5695.64,5686.59,5691.45,617
2025-01-23 13:15:00-05:00,5691.99,5691.99,5687.55,5688.11,568
2025-01-23 13:20:00-05:00,5688.32,5688.32,5677.39,5681.28,671
2025-01-23 13:25:00-05:00,5681.04,5681.04,5670.82,5674.09,533
2025-01-23 13:30:00-05:00,5674.02,5676.23,5671.81,5674.61,667
2025-01-23 13:35:00-05:00,5676.2,5676.62,5673.07,5676.6,688
2025-01-23 13:40:00-05:00,5676.6,5676.6,5671.03,5671.79,540
2025-01-23 13:45:00-05:00,5671.31,5676.38,5671.31,5671.95,555
2025-01-23 13:50:00-05:00,5671.26,5677.78,5671.26,5675.41,882
2025-01-23 13:55:00-05:00,5674.74,5681.45,5674.74,5679.16,619
2025-01-23 14:00:00-05:00,5677.46,5691.17,5677.46,5688.6,597
2025-01-23 14:05:00-05:00,5687.69,5701.07,5687.69,5696.38,603
2025-01-23 14:10:00-05:00,5698.2,5698.2,5688.86,5690.28,652
2025-01-23 14:15:00-05:00,5690.03,5702.6,5690.03,5700.54,701
2025-01-23 14:20:00-05:00,5701.4,5701.4,5692.59,5697.3,588
2025-01-23 14:25:00-05:00,5694.28,5703.7,5694.28,5703.67,623
2025-01-23 14:30:00-05:00,5704.37,5704.44,5700.21,5704.09,864
2025-01-23 14:35:00-05:00,5703.89,5707.19,5699.95,5701.57,662
2025-01-23 14:40:00-05:00,5700.99,5700.99,5689.81,5690.56,566
2025-01-23 14:45:00-05:00,5690.78,5694.58,5689.34,5689.51,816
2025-01-23 14:50:00-05:00,5688.91,5688.91,5674.87,5680.03,638
2025-01-23 14:55:00-05:00,5677.45,5688.69,5677.45,5685.91,1149
2025-01-23 15:00:00-05:00,5687.03,5698.13,5687.03,5695.15,660
2025-01-23 15:05:00-05:00,5695.44,5695.44,5688.02,5690.29,639
2025-01-23 15:10:00-05:00,5689.91,5695.16,5689.84,5692.13,613
2025-01-23 15:15:00-05:00,5690.95,5690.95,5687.21,5687.71,503
2025-01-23 15:20:00-05:00,5685.93,5685.93,5681.26,5683.89,548
2025-01-23 15:25:00-05:00,5684.16,5690.29,5684.16,5688.6,525
2025-01-23 15:30:00-05:00,5690.57,5690.57,5687.42,5688.37,505
2025-01-23 15:35:00-05:00,5688.62,5702.61,5688.62,5698.97,836
2025-01-23 15:40:00-05:00,5697.28,5697.28,5691.89,5696.03,504
2025-01-23 15:45:00-05:00,5696.3,5702.63,5696.3,5702.12,771
2025-01-23 15:50:00-05:00,5702.05,5706.06,5700.38,5702.71,734
2025-01-23 15:55:00-05:00,5703.77,5709.34,5703.23,5707.57,666
2025-01-23 16:00:00-05:00,5708.31,5708.31,5702.72,5704.84,946
2025-01-24 09:30:00-05:00,5701.2,5706.57,5701.2,5704.54,779
2025-01-24 09:35:00-05:00,5705.2,5707.02,5701.61,5703.83,614
2025-01-24 09:40:00-05:00,5702.61,5702.61,5698.21,5698.73,678
2025-01-24 09:45:00-05:00,5697.0,5704.67,5697.0,5702.77,743
2025-01-24 09:50:00-05:00,5702.54,5709.14,5702.54,5706.74,796
2025-01-24 09:55:00-05:00,5707.24,5713.35,5705.8,5710.37,994
2025-01-24 10:00:00-05:00,5708.36,5720.24,5708.36,5719.76,739
2025-01-24 10:05:00-05:00,5720.63,5733.03,5720.63,5728.64,786
2025-01-24 10:10:00-05:00,5729.58,5730.53,5724.72,5726.34,529
2025-01-24 10:15:00-05:00,5726.4,5729.37,5726.4,5728.63,605
2025-01-24 10:20:00-05:00,5727.57,5727.57,5718.96,5724.81,511
2025-01-24 10:25:00-05:00,5723.61,5729.78,5722.35,5724.95,825
2025-01-24 10:30:00-05:00,5726.21,5726.21,5719.98,5721.28,503
2025-01-24 10:35:00-05:00,5719.43,5731.59,5719.43,5731.2,770
2025-01-24 10:40:00-05:00,5732.51,5734.48,5729.15,5733.43,598
2025-01-24 10:45:00-05:00,5733.23,5734.83,5729.15,5732.1,731
2025-01-24 10:50:00-05:00,5731.98,5743.93,5731.98,5739.42,563
2025-01-24 10:55:00-05:00,5737.33,5737.33,5719.5,5726.11,870
2025-01-24 11:00:00-05:00,5725.93,5725.93,5713.67,5713.78,712
2025-01-24 11:05:00-05:00,5714.53,5728.01,5714.53,5718.65,501
2025-01-24 11:10:00-05:00,5717.01,5722.34,5717.01,5719.02,635
2025-01-24 11:15:00-05:00,5719.63,5724.4,5717.25,5720.55,686
2025-01-24 11:20:00-05:00,5720.66,5720.66,5711.14,5712.44,541
2025-01-24 11:25:00-05:00,5711.65,5716.97,5711.65,5712.3,791
2025-01-24 11:30:00-05:00,5713.35,5724.75,5713.35,5724.56,961
2025-01-24 11:35:00-05:00,5721.86,5731.36,5721.86,5729.61,504
2025-01-24 11:40:00-05:00,5730.03,5736.3,5728.29,5730.65,520
2025-01-24 11:45:00-05:00,5732.63,5732.63,5727.2,5727.96,601
2025-01-24 11:50:00-05:00,5729.72,5729.72,5721.42,5725.54,794
2025-01-24 11:55:00-05:00,5726.01,5726.01,5711.27,5712.51,631
2025-01-24 12:00:00-05:00,5712.14,5714.44,5712.14,5714.08,886
2025-01-24 12:05:00-05:00,5713.31,5726.12,5711.7,5719.26,669
2025-01-24 12:10:00-05:00,5718.89,5718.89,5707.72,5709.62,831
2025-01-24 12:15:00-05:00,5710.29,5710.29,5704.77,5705.58,708
2025-01-24 12:20:00-05:00,5704.6,5704.6,5696.77,5698.52,563
2025-01-24 12:25:00-05:00,5699.45,5699.45,5691.99,5692.64,843
2025-01-24 12:30:00-05:00,5695.24,5695.24,5691.8,5692.97,686
2025-01-24 12:35:00-05:00,5692.89,5692.89,5680.12,5680.28,566
2025-01-24 12:40:00-05:00,5678.65,5686.31,5678.65,5684.02,541
2025-01-24 12:45:00-05:00,5682.38,5692.08,5682.38,5688.6,582
2025-01-24 12:50:00-05:00,5689.55,5689.55,5684.08,5687.08,707
2025-01-24 12:55:00-05:00,5687.0,5687.0,5670.37,5672.0,501
2025-01-24 13:00:00-05:00,5673.07,5673.07,5665.92,5665.96,577
2025-01-24 13:05:00-05:00,5665.31,5673.87,5665.31,5673.44,921
2025-01-24 13:10:00-05:00,5674.44,5674.44,5649.26,5656.6,547
2025-01-24 13:15:00-05:00,5656.41,5656.41,5652.03,5654.5,575
2025-01-24 13:20:00-05:00,5653.61,5653.61,5646.46,5647.36,757
2025-01-24 13:25:00-05:00,5646.88,5653.5,5646.88,5652.23,961
2025-01-24 13:30:00-05:00,5650.78,5650.78,5642.75,5648.15,595
2025-01-24 13:35:00-05:00,5650.55,5652.59,5647.91,5650.59,620
2025-01-24 13:40:00-05:00,5650.47,5656.01,5650.47,5654.01,740
2025-01-24 13:45:00-05:00,5654.79,5668.79,5654.79,5665.13,510
2025-01-24 13:50:00-05:00,5664.47,5666.86,5663.11,5663.9,949
2025-01-24 13:55:00-05:00,5662.62,5666.41,5662.62,5666.17,665
2025-01-24 14:00:00-05:00,5665.89,5665.89,5654.88,5657.18,602
2025-01-24 14:05:00-05:00,5658.51,5666.84,5658.51,5664.39,559
2025-01-24 14:10:00-05:00,5663.76,5663.76,5659.13,5659.78,588
2025-01-24 14:15:00-05:00,5658.73,5660.64,5656.26,5656.39,714
2025-01-24 14:20:00-05:00,5656.58,5659.34,5654.95,5656.25,833
2025-01-24 14:25:00-05:00,5656.86,5656.86,5646.11,5646.8,705
2025-01-24 14:30:00-05:00,5648.79,5649.42,5648.01,5648.18,613
2025-01-24 14:35:00-05:00,5648.61,5654.16,5648.61,5654.03,806
2025-01-24 14:40:00-05:00,5654.81,5659.26,5650.68,5655.81,1050
2025-01-24 14:45:00-05:00,5656.68,5656.68,5643.03,5646.2,843
2025-01-24 14:50:00-05:00,5644.81,5649.07,5644.16,5645.45,535
2025-01-24 14:55:00-05:00,5644.29,5651.58,5644.29,5649.94,970
2025-01-24 15:00:00-05:00,5648.63,5648.63,5633.29,5638.59,1250
2025-01-24 15:05:00-05:00,5636.99,5637.8,5629.39,5632.11,882
2025-01-24 15:10:00-05:00,5633.07,5637.4,5633.07,5637.4,504
2025-01-24 15:15:00-05:00,5637.75,5645.77,5636.1,5639.03,516
2025-01-24 15:20:00-05:00,5639.12,5642.59,5639.12,5641.51,658
2025-01-24 15:25:00-05:00,5638.38,5658.63,5638.38,5652.75,637
2025-01-24 15:30:00-05:00,5655.24,5660.35,5654.14,5655.58,777
2025-01-24 15:35:00-05:00,5654.5,5665.11,5653.05,5659.57,603
2025-01-24 15:40:00-05:00,5662.06,5679.1,5662.06,5676.0,508
2025-01-24 15:45:00-05:00,5674.24,5677.47,5673.19,5674.71,557
2025-01-24 15:50:00-05:00,5673.72,5673.72,5665.35,5669.86,697
2025-01-24 15:55:00-05:00,5667.19,5673.14,5667.19,5672.46,725
2025-01-24 16:00:00-05:00,5672.9,5678.99,5671.15,5675.12,655
2025-01-27 09:30:00-05:00,5673.79,5673.88,5669.51,5671.93,717
2025-01-27 09:35:00-05:00,5670.63,5670.63,5663.54,5665.67,635
2025-01-27 09:40:00-05:00,5664.0,5682.41,5664.0,5679.68,768
2025-01-27 09:45:00-05:00,5680.63,5684.1,5679.39,5681.67,533
2025-01-27 09:50:00-05:00,5682.53,5682.53,5674.16,5677.22,673
2025-01-27 09:55:00-05:00,5679.42,5686.89,5679.42,5682.79,731
2025-01-27 10:00:00-05:00,5681.95,5683.07,5680.28,5682.12,1035
2025-01-27 10:05:00-05:00,5682.39,5682.85,5679.79,5680.59,552
2025-01-27 10:10:00-05:00,5679.02,5686.65,5679.02,5684.0,808
2025-01-27 10:15:00-05:00,5683.6,5683.6,5672.29,5676.15,759
2025-01-27 10:20:00-05:00,5675.52,5681.5,5675.52,5678.3,651
2025-01-27 10:25:00-05:00,5678.86,5692.23,5678.86,5689.93,506
2025-01-27 10:30:00-05:00,5691.17,5701.11,5689.86,5692.77,820
2025-01-27 10:35:00-05:00,5693.97,5695.86,5688.01,5690.48,551
2025-01-27 10:40:00-05:00,5689.45,5691.72,5686.9,5687.39,656
2025-01-27 10:45:00-05:00,5688.6,5688.6,5684.02,5684.89,600
2025-01-27 10:50:00-05:00,5684.84,5685.63,5678.06,5683.35,687
2025-01-27 10:55:00-05:00,5682.95,5686.04,5677.84,5681.05,571
2025-01-27 11:00:00-05:00,5680.19,5690.47,5680.19,5686.62,633
2025-01-27 11:05:00-05:00,5685.94,5685.94,5675.67,5676.09,529
2025-01-27 11:10:00-05:00,5678.21,5682.22,5678.21,5681.33,966
2025-01-27 11:15:00-05:00,5681.7,5681.7,5675.86,5679.02,686
2025-01-27 11:20:00-05:00,5679.23,5682.0,5677.7,5681.31,879
2025-01-27 11:25:00-05:00,5680.99,5680.99,5673.75,5674.46,561
2025-01-27 11:30:00-05:00,5677.44,5683.82,5677.44,5682.54,625
2025-01-27 11:35:00-05:00,5684.12,5692.32,5684.12,5690.11,564
2025-01-27 11:40:00-05:00,5689.24,5699.52,5689.24,5695.96,696
2025-01-27 11:45:00-05:00,5695.63,5695.63,5683.97,5686.74,561
2025-01-27 11:50:00-05:00,5686.47,5694.08,5686.47,5691.78,617
2025-01-27 11:55:00-05:00,5691.96,5695.15,5688.78,5694.25,784
2025-01-27 12:00:00-05:00,5693.4,5693.4,5679.92,5684.48,685
2025-01-27 12:05:00-05:00,5685.01,5690.8,5684.31,5684.33,704
2025-01-27 12:10:00-05:00,5686.1,5689.64,5685.43,5686.55,737
2025-01-27 12:15:00-05:00,5684.95,5691.55,5684.95,5689.93,652
2025-01-27 12:20:00-05:00,5688.56,5691.36,5688.56,5691.01,794
2025-01-27 12:25:00-05:00,5690.42,5693.34,5689.41,5692.78,623
2025-01-27 12:30:00-05:00,5692.25,5707.72,5692.25,5701.77,663
2025-01-27 12:35:00-05:00,5704.21,5713.13,5704.21,5709.25,627
2025-01-27 12:40:00-05:00,5710.47,5710.47,5690.93,5691.76,555
2025-01-27 12:45:00-05:00,5692.91,5692.91,5684.19,5689.83,1105
2025-01-27 12:50:00-05:00,5689.51,5691.07,5685.89,5688.83,575
2025-01-27 12:55:00-05:00,5688.48,5688.48,5676.46,5678.17,522
2025-01-27 13:00:00-05:00,5676.41,5683.61,5676.41,5678.75,602
2025-01-27 13:05:00-05:00,5679.7,5690.63,5678.14,5686.34,939
2025-01-27 13:10:00-05:00,5686.94,5686.94,5675.96,5679.73,790
2025-01-27 13:15:00-05:00,5681.3,5687.95,5681.3,5681.78,640
2025-01-27 13:20:00-05:00,5681.52,5681.52,5673.73,5676.21,726
2025-01-27 13:25:00-05:00,5676.04,5676.04,5669.11,5672.13,640
2025-01-27 13:30:00-05:00,5672.34,5681.27,5672.34,5681.11,757
2025-01-27 13:35:00-05:00,5682.19,5682.19,5675.72,5677.81,869
2025-01-27 13:40:00-05:00,5676.02,5682.39,5676.02,5680.62,675
2025-01-27 13:45:00-05:00,5681.51,5681.51,5663.86,5669.26,680
2025-01-27 13:50:00-05:00,5669.23,5681.53,5669.23,5680.56,789
2025-01-27 13:55:00-05:00,5679.28,5686.61,5679.28,5684.23,826
2025-01-27 14:00:00-05:00,5681.69,5683.5,5681.69,5683.12,780
2025-01-27 14:05:00-05:00,5682.95,5688.47,5682.95,5686.62,526
2025-01-27 14:10:00-05:00,5688.38,5688.38,5674.23,5678.05,849
2025-01-27 14:15:00-05:00,5680.08,5685.51,5680.08,5685.24,826
2025-01-27 14:20:00-05:00,5685.67,5687.96,5681.03,5683.27,542
2025-01-27 14:25:00-05:00,5685.65,5685.65,5681.06,5682.02,637
2025-01-27 14:30:00-05:00,5681.97,5681.97,5678.35,5679.04,1016
2025-01-27 14:35:00-05:00,5680.19,5680.19,5673.99,5675.51,580
2025-01-27 14:40:00-05:00,5674.96,5681.09,5674.96,5679.73,904
2025-01-27 14:45:00-05:00,5679.1,5681.92,5671.95,5681.28,554
2025-01-27 14:50:00-05:00,5680.46,5690.07,5680.46,5685.25,872
2025-01-27 14:55:00-05:00,5682.74,5685.87,5682.74,5685.19,662
2025-01-27 15:00:00-05:00,5686.76,5692.53,5686.76,5688.32,771
2025-01-27 15:05:00-05:00,5687.54,5687.72,5685.46,5685.77,573
2025-01-27 15:10:00-05:00,5684.79,5704.31,5684.79,5699.35,532
2025-01-27 15:15:00-05:00,5697.91,5697.91,5688.85,5689.8,738
2025-01-27 15:20:00-05:00,5689.55,5704.76,5689.55,5697.48,742
2025-01-27 15:25:00-05:00,5699.63,5707.3,5699.63,5705.82,876
2025-01-27 15:30:00-05:00,5708.38,5708.38,5699.52,5700.62,744
2025-01-27 15:35:00-05:00,5698.59,5717.93,5698.59,5714.23,769
2025-01-27 15:40:00-05:00,5713.8,5727.46,5712.86,5720.32,609
2025-01-27 15:45:00-05:00,5719.06,5728.78,5719.06,5726.27,506
2025-01-27 15:50:00-05:00,5727.48,5727.48,5724.11,5726.44,640
2025-01-27 15:55:00-05:00,5726.79,5728.94,5724.03,5725.11,649
2025-01-27 16:00:00-05:00,5724.33,5725.93,5721.38,5723.83,641
2025-01-28 09:30:00-05:00,5723.92,5732.24,5723.92,5726.22,1011
2025-01-28 09:35:00-05:00,5725.63,5739.56,5725.63,5734.81,609
2025-01-28 09:40:00-05:00,5736.79,5736.79,5735.02,5735.92,1117
2025-01-28 09:45:00-05:00,5736.59,5736.59,5728.9,5730.33,556
2025-01-28 09:50:00-05:00,5731.16,5741.45,5731.16,5735.39,713
2025-01-28 09:55:00-05:00,5732.11,5744.3,5732.11,5741.05,655
2025-01-28 10:00:00-05:00,5740.96,5745.9,5739.82,5745.07,824
2025-01-28 10:05:00-05:00,5747.63,5751.93,5747.63,5749.65,792
2025-01-28 10:10:00-05:00,5751.28,5755.24,5745.38,5747.99,672
2025-01-28 10:15:00-05:00,5745.72,5745.72,5737.53,5742.28,546
2025-01-28 10:20:00-05:00,5741.89,5741.89,5736.21,5736.94,1007
2025-01-28 10:25:00-05:00,5735.47,5735.47,5726.02,5726.91,503
2025-01-28 10:30:00-05:00,5729.01,5731.39,5726.05,5728.37,577
2025-01-28 10:35:00-05:00,5728.67,5729.59,5725.19,5727.86,570
2025-01-28 10:40:00-05:00,5726.91,5727.09,5724.06,5725.16,631
2025-01-28 10:45:00-05:00,5725.2,5725.2,5706.08,5707.08,555
2025-01-28 10:50:00-05:00,5703.9,5703.9,5695.87,5699.47,635
2025-01-28 10:55:00-05:00,5698.15,5712.55,5698.15,5706.31,984
2025-01-28 11:00:00-05:00,5706.36,5706.36,5699.99,5702.26,533
2025-01-28 11:05:00-05:00,5703.29,5709.04,5703.29,5704.46,738
2025-01-28 11:10:00-05:00,5702.09,5702.09,5695.81,5695.97,644
2025-01-28 11:15:00-05:00,5695.51,5707.07,5695.51,5704.75,619
2025-01-28 11:20:00-05:00,5705.98,5705.98,5703.52,5703.87,854
2025-01-28 11:25:00-05:00,5702.1,5705.68,5702.1,5705.64,509
2025-01-28 11:30:00-05:00,5705.92,5722.11,5705.92,5719.86,638
2025-01-28 11:35:00-05:00,5719.94,5733.31,5719.94,5729.14,861
2025-01-28 11:40:00-05:00,5731.24,5731.24,5723.77,5727.26,561
2025-01-28 11:45:00-05:00,5726.98,5726.98,5722.31,5723.63,514
2025-01-28 11:50:00-05:00,5723.42,5723.42,5721.34,5721.64,807
2025-01-28 11:55:00-05:00,5722.68,5726.51,5718.66,5724.76,635
2025-01-28 12:00:00-05:00,5723.13,5727.88,5722.82,5724.11,560
2025-01-28 12:05:00-05:00,5723.84,5723.84,5719.66,5721.69,764
2025-01-28 12:10:00-05:00,5721.14,5734.03,5721.14,5730.68,523
2025-01-28 12:15:00-05:00,5730.51,5731.48,5724.9,5729.98,777
2025-01-28 12:20:00-05:00,5731.03,5744.53,5731.03,5744.1,1137
2025-01-28 12:25:00-05:00,5744.78,5744.95,5741.57,5744.66,769
2025-01-28 12:30:00-05:00,5743.73,5758.21,5743.73,5755.64,516
2025-01-28 12:35:00-05:00,5755.81,5758.06,5755.81,5757.84,586
2025-01-28 12:40:00-05:00,5759.68,5767.66,5759.68,5763.78,566
2025-01-28 12:45:00-05:00,5762.75,5762.75,5759.18,5759.31,547
2025-01-28 12:50:00-05:00,5759.49,5759.49,5753.84,5754.05,546
2025-01-28 12:55:00-05:00,5753.81,5758.4,5753.81,5756.88,558
2025-01-28 13:00:00-05:00,5756.8,5763.59,5756.8,5762.97,778
2025-01-28 13:05:00-05:00,5760.96,5764.37,5760.96,5763.22,1037
2025-01-28 13:10:00-05:00,5764.96,5764.96,5753.63,5755.29,554
2025-01-28 13:15:00-05:00,5754.34,5754.34,5744.51,5746.92,649
2025-01-28 13:20:00-05:00,5748.18,5748.18,5736.01,5738.16,583
2025-01-28 13:25:00-05:00,5737.4,5737.4,5724.15,5727.31,588
2025-01-28 13:30:00-05:00,5726.55,5731.04,5722.59,5727.99,613
2025-01-28 13:35:00-05:00,5729.47,5737.75,5729.47,5734.88,887
2025-01-28 13:40:00-05:00,5736.1,5737.57,5732.05,5734.8,540
2025-01-28 13:45:00-05:00,5735.06,5735.06,5717.35,5720.95,601
2025-01-28 13:50:00-05:00,5721.88,5721.88,5718.82,5719.78,792
2025-01-28 13:55:00-05:00,5719.43,5722.27,5715.12,5718.79,799
2025-01-28 14:00:00-05:00,5718.78,5732.98,5718.78,5731.63,644
2025-01-28 14:05:00-05:00,5730.81,5730.81,5719.5,5722.7,724
2025-01-28 14:10:00-05:00,5723.8,5723.8,5718.86,5720.31,860
2025-01-28 14:15:00-05:00,5719.45,5731.72,5719.45,5730.75,717
2025-01-28 14:20:00-05:00,5732.58,5737.13,5728.85,5733.51,640
2025-01-28 14:25:00-05:00,5733.13,5737.58,5733.13,5736.97,742
2025-01-28 14:30:00-05:00,5737.0,5745.26,5734.97,5737.67,536
2025-01-28 14:35:00-05:00,5738.61,5740.22,5738.61,5739.7,844
2025-01-28 14:40:00-05:00,5739.73,5745.37,5739.73,5744.48,841
2025-01-28 14:45:00-05:00,5744.11,5744.11,5736.94,5739.5,714
2025-01-28 14:50:00-05:00,5739.47,5745.69,5739.47,5744.9,815
2025-01-28 14:55:00-05:00,5746.0,5746.0,5734.12,5736.47,598
2025-01-28 15:00:00-05:00,5735.65,5744.86,5735.65,5738.48,528
2025-01-28 15:05:00-05:00,5738.33,5742.17,5738.33,5739.58,594
2025-01-28 15:10:00-05:00,5739.59,5739.59,5732.9,5735.8,617
2025-01-28 15:15:00-05:00,5736.86,5736.86,5732.61,5735.66,733
2025-01-28 15:20:00-05:00,5735.53,5736.65,5730.53,5731.84,743
2025-01-28 15:25:00-05:00,5734.05,5734.05,5723.9,5725.27,678
2025-01-28 15:30:00-05:00,5725.08,5726.98,5722.66,5723.1,657
2025-01-28 15:35:00-05:00,5722.81,5722.81,5716.09,5716.35,1187
2025-01-28 15:40:00-05:00,5716.14,5718.35,5715.67,5718.32,662
2025-01-28 15:45:00-05:00,5716.71,5716.71,5711.07,5711.29,759
2025-01-28 15:50:00-05:00,5710.02,5719.49,5710.02,5715.64,616
2025-01-28 15:55:00-05:00,5714.99,5714.99,5705.54,5708.42,848
2025-01-28 16:00:00-05:00,5709.81,5709.81,5700.01,5704.96,504
2025-01-29 09:30:00-05:00,5704.92,5704.92,5700.06,5701.15,748
2025-01-29 09:35:00-05:00,5700.56,5709.94,5700.56,5709.24,538
2025-01-29 09:40:00-05:00,5710.74,5712.86,5709.14,5711.26,896
2025-01-29 09:45:00-05:00,5713.16,5713.16,5702.27,5709.97,765
2025-01-29 09:50:00-05:00,5711.5,5715.27,5710.31,5713.01,502
2025-01-29 09:55:00-05:00,5711.97,5711.97,5696.17,5700.15,668
2025-01-29 10:00:00-05:00,5699.54,5702.65,5697.46,5699.89,547
2025-01-29 10:05:00-05:00,5702.1,5712.55,5702.1,5712.08,788
2025-01-29 10:10:00-05:00,5712.37,5715.85,5710.48,5712.89,608
2025-01-29 10:15:00-05:00,5712.56,5717.09,5705.48,5713.3,1017
2025-01-29 10:20:00-05:00,5714.18,5718.69,5714.18,5716.66,1030
2025-01-29 10:25:00-05:00,5717.89,5725.0,5717.89,5722.14,570
2025-01-29 10:30:00-05:00,5721.44,5721.44,5709.46,5709.92,638
2025-01-29 10:35:00-05:00,5710.19,5710.19,5698.81,5699.65,797
2025-01-29 10:40:00-05:00,5700.78,5704.39,5696.91,5700.93,796
2025-01-29 10:45:00-05:00,5699.52,5700.62,5695.41,5696.58,828
2025-01-29 10:50:00-05:00,5696.59,5706.58,5696.59,5704.58,814
2025-01-29 10:55:00-05:00,5703.22,5708.8,5699.79,5702.65,568
2025-01-29 11:00:00-05:00,5701.46,5701.46,5687.53,5690.86,556
2025-01-29 11:05:00-05:00,5690.18,5690.18,5678.24,5683.15,502
2025-01-29 11:10:00-05:00,5683.73,5683.73,5666.15,5666.45,1096
2025-01-29 11:15:00-05:00,5666.06,5667.4,5663.15,5665.03,547
2025-01-29 11:20:00-05:00,5664.25,5667.08,5662.01,5663.89,688
2025-01-29 11:25:00-05:00,5663.96,5663.96,5659.36,5661.32,729
2025-01-29 11:30:00-05:00,5659.93,5668.0,5659.93,5667.86,748
2025-01-29 11:35:00-05:00,5668.38,5677.43,5668.38,5675.13,644
2025-01-29 11:40:00-05:00,5676.51,5676.51,5669.54,5674.1,598
2025-01-29 11:45:00-05:00,5674.0,5674.0,5660.56,5661.15,874
2025-01-29 11:50:00-05:00,5660.91,5667.36,5660.91,5664.89,647
2025-01-29 11:55:00-05:00,5665.35,5668.97,5664.9,5668.26,657
2025-01-29 12:00:00-05:00,5665.8,5673.82,5665.8,5670.14,811
2025-01-29 12:05:00-05:00,5670.79,5681.0,5670.79,5676.09,1029
2025-01-29 12:10:00-05:00,5679.86,5679.86,5666.77,5669.02,923
2025-01-29 12:15:00-05:00,5668.88,5682.09,5668.88,5681.22,597
2025-01-29 12:20:00-05:00,5681.08,5681.08,5674.3,5675.39,685
2025-01-29 12:25:00-05:00,5676.3,5681.97,5676.3,5679.94,543
2025-01-29 12:30:00-05:00,5681.94,5681.94,5669.41,5669.7,503
2025-01-29 12:35:00-05:00,5670.88,5670.88,5660.79,5664.06,558
2025-01-29 12:40:00-05:00,5661.44,5677.05,5661.44,5673.26,756
2025-01-29 12:45:00-05:00,5673.94,5673.94,5669.27,5671.67,775
2025-01-29 12:50:00-05:00,5674.8,5677.33,5674.8,5676.77,760
2025-01-29 12:55:00-05:00,5677.53,5680.3,5672.71,5678.21,756
2025-01-29 13:00:00-05:00,5676.81,5679.23,5676.76,5677.57,590
2025-01-29 13:05:00-05:00,5677.92,5686.6,5677.92,5685.86,807
2025-01-29 13:10:00-05:00,5684.31,5686.12,5682.67,5684.42,512
2025-01-29 13:15:00-05:00,5685.92,5685.92,5672.32,5673.6,541
2025-01-29 13:20:00-05:00,5672.45,5672.45,5667.67,5668.73,696
2025-01-29 13:25:00-05:00,5668.82,5674.28,5668.82,5672.07,718
2025-01-29 13:30:00-05:00,5671.03,5675.6,5671.03,5674.48,514
2025-01-29 13:35:00-05:00,5673.81,5673.81,5663.68,5664.97,765
2025-01-29 13:40:00-05:00,5666.77,5666.77,5658.88,5660.58,548
2025-01-29 13:45:00-05:00,5660.71,5660.71,5653.7,5657.06,506
2025-01-29 13:50:00-05:00,5656.38,5656.73,5652.18,5654.85,640
2025-01-29 13:55:00-05:00,5653.46,5653.46,5644.77,5646.53,501
2025-01-29 14:00:00-05:00,5644.27,5646.13,5637.79,5642.73,678
2025-01-29 14:05:00-05:00,5641.22,5642.16,5635.72,5638.34,602
2025-01-29 14:10:00-05:00,5638.47,5646.21,5638.47,5642.99,629
2025-01-29 14:15:00-05:00,5644.18,5649.5,5644.18,5647.88,703
2025-01-29 14:20:00-05:00,5647.2,5652.96,5646.53,5647.0,689
2025-01-29 14:25:00-05:00,5648.9,5648.9,5636.34,5644.63,644
2025-01-29 14:30:00-05:00,5643.76,5654.63,5642.74,5645.48,712
2025-01-29 14:35:00-05:00,5645.19,5645.19,5640.39,5640.55,515
2025-01-29 14:40:00-05:00,5639.25,5639.25,5632.56,5633.63,880
2025-01-29 14:45:00-05:00,5634.82,5634.82,5627.22,5627.97,788
2025-01-29 14:50:00-05:00,5630.49,5630.49,5620.75,5624.14,869
2025-01-29 14:55:00-05:00,5622.03,5622.03,5616.18,5617.15,654
2025-01-29 15:00:00-05:00,5616.73,5618.46,5614.94,5618.12,846
2025-01-29 15:05:00-05:00,5619.64,5627.85,5619.64,5622.51,845
2025-01-29 15:10:00-05:00,5620.77,5620.77,5611.99,5612.97,655
2025-01-29 15:15:00-05:00,5613.65,5613.93,5612.65,5613.12,501
2025-01-29 15:20:00-05:00,5614.59,5614.59,5610.93,5611.8,619
2025-01-29 15:25:00-05:00,5611.9,5615.11,5607.12,5613.85,596
2025-01-29 15:30:00-05:00,5614.51,5614.51,5607.05,5613.77,649
2025-01-29 15:35:00-05:00,5615.89,5615.89,5603.89,5605.05,912
2025-01-29 15:40:00-05:00,5607.38,5607.38,5597.47,5597.49,683
2025-01-29 15:45:00-05:00,5597.41,5605.66,5595.32,5597.66,830
2025-01-29 15:50:00-05:00,5597.02,5604.62,5597.02,5603.83,699
2025-01-29 15:55:00-05:00,5602.73,5602.73,5588.13,5590.57,553
2025-01-29 16:00:00-05:00,5591.74,5594.72,5591.74,5592.63,1009
